phase,time,index,confidence
P,2022-12-22T00:00:31.990000Z,3199,0.108
P,2022-12-22T00:01:47.780000Z,10778,0.112
P,2022-12-22T00:08:50.170000Z,53017,0.112
P,2022-12-22T00:13:15.160000Z,79516,0.137
P,2022-12-22T00:15:39.090000Z,93909,0.119
P,2022-12-22T00:15:43.270000Z,94327,0.225
P,2022-12-22T00:16:31.780000Z,99178,0.247
P,2022-12-22T00:16:51.290000Z,101129,0.152
P,2022-12-22T00:17:19.230000Z,103923,0.323
P,2022-12-22T00:17:46.450000Z,106645,0.114
P,2022-12-22T00:18:03.090000Z,108309,0.348
P,2022-12-22T00:18:19.090000Z,109909,0.172
P,2022-12-22T00:18:39.660000Z,111966,0.131
P,2022-12-22T00:19:06.400000Z,114640,0.105
P,2022-12-22T00:19:49.750000Z,118975,0.117
P,2022-12-22T00:20:26.470000Z,122647,0.185
P,2022-12-22T00:20:56.160000Z,125616,0.134
P,2022-12-22T00:21:06.350000Z,126635,0.124
P,2022-12-22T00:21:44.360000Z,130436,0.195
P,2022-12-22T00:21:48.210000Z,130821,0.174
P,2022-12-22T00:21:52.830000Z,131283,0.135
P,2022-12-22T00:23:08.940000Z,138894,0.117
P,2022-12-22T00:24:52.030000Z,149203,0.107
P,2022-12-22T00:24:57.860000Z,149786,0.199
P,2022-12-22T00:26:07.250000Z,156725,0.203
P,2022-12-22T00:26:25.010000Z,158501,0.266
P,2022-12-22T00:26:52.210000Z,161221,0.149
P,2022-12-22T00:26:57.900000Z,161790,0.225
P,2022-12-22T00:27:10.770000Z,163077,0.114
P,2022-12-22T00:27:23.040000Z,164304,0.116
P,2022-12-22T00:27:25.030000Z,164503,0.117
P,2022-12-22T00:27:48.060000Z,166806,0.151
P,2022-12-22T00:27:51.670000Z,167167,0.148
P,2022-12-22T00:28:20.920000Z,170092,0.460
P,2022-12-22T00:28:36.710000Z,171671,0.115
P,2022-12-22T00:28:39.680000Z,171968,0.152
P,2022-12-22T00:28:41.780000Z,172178,0.132
P,2022-12-22T00:29:00.180000Z,174018,0.405
P,2022-12-22T00:29:08.270000Z,174827,0.100
P,2022-12-22T00:29:26.650000Z,176665,0.233
P,2022-12-22T00:29:33.590000Z,177359,0.739
P,2022-12-22T00:29:38.600000Z,177860,0.124
P,2022-12-22T00:29:56.190000Z,179619,0.210
P,2022-12-22T00:30:01.660000Z,180166,0.158
P,2022-12-22T00:30:21.660000Z,182166,0.118
P,2022-12-22T00:30:28.930000Z,182893,0.130
P,2022-12-22T00:30:31.190000Z,183119,0.116
P,2022-12-22T00:30:46.390000Z,184639,0.121
P,2022-12-22T00:31:04.460000Z,186446,0.156
P,2022-12-22T00:31:06.390000Z,186639,0.200
P,2022-12-22T00:31:11.180000Z,187118,0.241
P,2022-12-22T00:31:30.460000Z,189046,0.510
P,2022-12-22T00:31:34.810000Z,189481,0.321
P,2022-12-22T00:32:08.650000Z,192865,0.176
P,2022-12-22T00:32:22.940000Z,194294,0.184
P,2022-12-22T00:32:24.330000Z,194433,0.191
P,2022-12-22T00:32:30.650000Z,195065,0.160
P,2022-12-22T00:32:37.690000Z,195769,0.132
P,2022-12-22T00:32:56.720000Z,197672,0.103
P,2022-12-22T00:33:07.070000Z,198707,0.116
P,2022-12-22T00:33:12.350000Z,199235,0.166
P,2022-12-22T00:33:14.110000Z,199411,0.119
P,2022-12-22T00:33:16.670000Z,199667,0.315
P,2022-12-22T00:33:23.810000Z,200381,0.212
P,2022-12-22T00:33:28.440000Z,200844,0.103
P,2022-12-22T00:33:44.110000Z,202411,0.112
P,2022-12-22T00:34:28.370000Z,206837,0.114
P,2022-12-22T00:34:44.620000Z,208462,0.369
P,2022-12-22T00:35:02.790000Z,210279,0.127
P,2022-12-22T00:35:24.760000Z,212476,0.419
P,2022-12-22T00:36:10.170000Z,217017,0.155
P,2022-12-22T00:37:57.240000Z,227724,0.114
P,2022-12-22T00:38:29.240000Z,230924,0.121
P,2022-12-22T00:38:37.900000Z,231790,0.344
P,2022-12-22T00:39:31.670000Z,237167,0.114
P,2022-12-22T00:40:23.520000Z,242352,0.213
P,2022-12-22T00:40:28.100000Z,242810,0.138
P,2022-12-22T00:42:26.170000Z,254617,0.156
P,2022-12-22T00:43:21.350000Z,260135,0.247
P,2022-12-22T00:43:55.770000Z,263577,0.107
P,2022-12-22T00:44:07.590000Z,264759,0.210
P,2022-12-22T00:44:57.770000Z,269777,0.325
P,2022-12-22T00:45:20.260000Z,272026,0.109
P,2022-12-22T00:46:27.310000Z,278731,0.285
P,2022-12-22T00:47:23.050000Z,284305,0.275
P,2022-12-22T00:47:28.400000Z,284840,0.151
P,2022-12-22T00:47:41.040000Z,286104,0.170
P,2022-12-22T00:47:47.670000Z,286767,0.174
P,2022-12-22T00:47:53.820000Z,287382,0.102
P,2022-12-22T00:48:17.290000Z,289729,0.109
P,2022-12-22T00:48:27.210000Z,290721,0.387
P,2022-12-22T00:48:38.590000Z,291859,0.235
P,2022-12-22T00:48:44.030000Z,292403,0.261
P,2022-12-22T00:48:50.020000Z,293002,0.215
P,2022-12-22T00:48:57.380000Z,293738,0.139
P,2022-12-22T00:49:09.310000Z,294931,0.407
P,2022-12-22T00:49:15.550000Z,295555,0.150
P,2022-12-22T00:49:39.800000Z,297980,0.352
P,2022-12-22T00:49:43.790000Z,298379,0.172
P,2022-12-22T00:50:17.170000Z,301717,0.343
P,2022-12-22T00:50:39.820000Z,303982,0.138
P,2022-12-22T00:50:42.790000Z,304279,0.162
P,2022-12-22T00:51:08.540000Z,306854,0.157
P,2022-12-22T00:51:10.150000Z,307015,0.204
P,2022-12-22T00:51:35.730000Z,309573,0.108
P,2022-12-22T00:51:46.780000Z,310678,0.200
P,2022-12-22T00:51:57.760000Z,311776,0.138
P,2022-12-22T00:52:00.780000Z,312078,0.774
P,2022-12-22T00:52:24.190000Z,314419,0.559
P,2022-12-22T00:52:29.200000Z,314920,0.146
P,2022-12-22T00:52:32.150000Z,315215,0.712
P,2022-12-22T00:52:44.560000Z,316456,0.121
P,2022-12-22T00:52:48.010000Z,316801,0.261
P,2022-12-22T00:52:50.740000Z,317074,0.478
P,2022-12-22T00:52:58.900000Z,317890,0.282
P,2022-12-22T00:53:04.750000Z,318475,0.159
P,2022-12-22T00:53:09.540000Z,318954,0.201
P,2022-12-22T00:53:10.920000Z,319092,0.175
P,2022-12-22T00:53:41.090000Z,322109,0.294
P,2022-12-22T00:53:47.400000Z,322740,0.418
P,2022-12-22T00:53:51.710000Z,323171,0.183
P,2022-12-22T00:54:14.210000Z,325421,0.191
P,2022-12-22T00:54:16.180000Z,325618,0.214
P,2022-12-22T00:54:55.900000Z,329590,0.313
P,2022-12-22T00:55:02.390000Z,330239,0.197
P,2022-12-22T00:55:04.310000Z,330431,0.128
P,2022-12-22T00:55:07.030000Z,330703,0.156
P,2022-12-22T00:55:08.850000Z,330885,0.131
P,2022-12-22T00:55:15.600000Z,331560,0.264
P,2022-12-22T00:55:19.990000Z,331999,0.158
P,2022-12-22T00:55:21.830000Z,332183,0.107
P,2022-12-22T00:55:25.690000Z,332569,0.218
P,2022-12-22T00:55:51.330000Z,335133,0.353
P,2022-12-22T00:56:12.320000Z,337232,0.102
P,2022-12-22T00:58:10.690000Z,349069,0.212
P,2022-12-22T00:58:58.380000Z,353838,0.112
P,2022-12-22T00:59:11.410000Z,355141,0.111
P,2022-12-22T00:59:18.310000Z,355831,0.354
P,2022-12-22T00:59:48.540000Z,358854,0.170
P,2022-12-22T01:00:05.690000Z,360569,0.172
P,2022-12-22T01:00:24.560000Z,362456,0.372
P,2022-12-22T01:00:27.340000Z,362734,0.329
P,2022-12-22T01:00:33.940000Z,363394,0.117
P,2022-12-22T01:00:39.380000Z,363938,0.343
P,2022-12-22T01:00:52.500000Z,365250,0.376
P,2022-12-22T01:00:57.350000Z,365735,0.229
P,2022-12-22T01:01:04.250000Z,366425,0.128
P,2022-12-22T01:01:06.130000Z,366613,0.152
P,2022-12-22T01:01:33.070000Z,369307,0.138
P,2022-12-22T01:01:57.160000Z,371716,0.172
P,2022-12-22T01:02:04.130000Z,372413,0.161
P,2022-12-22T01:02:07.320000Z,372732,0.136
P,2022-12-22T01:02:23.170000Z,374317,0.214
P,2022-12-22T01:02:24.770000Z,374477,0.230
P,2022-12-22T01:02:25.900000Z,374590,0.219
P,2022-12-22T01:02:29.890000Z,374989,0.267
P,2022-12-22T01:02:34.940000Z,375494,0.400
P,2022-12-22T01:02:39.480000Z,375948,0.243
P,2022-12-22T01:02:45.050000Z,376505,0.923
P,2022-12-22T01:02:55.020000Z,377502,0.152
P,2022-12-22T01:03:03.030000Z,378303,0.407
P,2022-12-22T01:03:07.830000Z,378783,0.162
P,2022-12-22T01:03:15.670000Z,379567,0.584
P,2022-12-22T01:03:22.980000Z,380298,0.853
P,2022-12-22T01:03:40.080000Z,382008,0.336
P,2022-12-22T01:03:54.580000Z,383458,0.586
P,2022-12-22T01:04:17.160000Z,385716,0.746
P,2022-12-22T01:04:18.660000Z,385866,0.131
P,2022-12-22T01:04:27.460000Z,386746,0.137
P,2022-12-22T01:04:40.100000Z,388010,0.288
P,2022-12-22T01:04:46.820000Z,388682,0.136
P,2022-12-22T01:04:55.620000Z,389562,0.311
P,2022-12-22T01:05:16.490000Z,391649,0.115
P,2022-12-22T01:05:18.090000Z,391809,0.110
P,2022-12-22T01:05:24.920000Z,392492,0.115
P,2022-12-22T01:05:34.840000Z,393484,0.332
P,2022-12-22T01:05:38.450000Z,393845,0.801
P,2022-12-22T01:05:46.090000Z,394609,0.810
P,2022-12-22T01:05:47.630000Z,394763,0.323
P,2022-12-22T01:05:59.170000Z,395917,0.669
P,2022-12-22T01:06:05.320000Z,396532,0.215
P,2022-12-22T01:06:06.920000Z,396692,0.167
P,2022-12-22T01:06:15.580000Z,397558,0.299
P,2022-12-22T01:06:17.640000Z,397764,0.113
P,2022-12-22T01:06:22.930000Z,398293,0.237
P,2022-12-22T01:06:25.490000Z,398549,0.356
P,2022-12-22T01:06:41.100000Z,400110,0.109
P,2022-12-22T01:06:45.590000Z,400559,0.254
P,2022-12-22T01:06:48.620000Z,400862,0.350
P,2022-12-22T01:06:53.100000Z,401310,0.387
P,2022-12-22T01:07:09.670000Z,402967,0.376
P,2022-12-22T01:07:13.780000Z,403378,0.579
P,2022-12-22T01:07:17.510000Z,403751,0.132
P,2022-12-22T01:07:22.480000Z,404248,0.867
P,2022-12-22T01:07:28.080000Z,404808,0.881
P,2022-12-22T01:07:29.760000Z,404976,0.114
P,2022-12-22T01:07:33.600000Z,405360,0.530
P,2022-12-22T01:07:37.760000Z,405776,0.778
P,2022-12-22T01:07:43.040000Z,406304,0.110
P,2022-12-22T01:07:46.240000Z,406624,0.564
P,2022-12-22T01:07:55.680000Z,407568,0.406
P,2022-12-22T01:08:01.530000Z,408153,0.114
P,2022-12-22T01:08:05.850000Z,408585,0.177
P,2022-12-22T01:08:07.610000Z,408761,0.234
P,2022-12-22T01:08:20.510000Z,410051,0.740
P,2022-12-22T01:08:36.180000Z,411618,0.201
P,2022-12-22T01:08:46.910000Z,412691,0.363
P,2022-12-22T01:09:02.600000Z,414260,0.778
P,2022-12-22T01:09:17.400000Z,415740,0.743
P,2022-12-22T01:09:27.100000Z,416710,0.839
P,2022-12-22T01:09:45.770000Z,418577,0.137
P,2022-12-22T01:10:02.170000Z,420217,0.732
P,2022-12-22T01:10:10.050000Z,421005,0.278
P,2022-12-22T01:10:13.490000Z,421349,0.409
P,2022-12-22T01:10:30.370000Z,423037,0.257
P,2022-12-22T01:10:37.280000Z,423728,0.600
P,2022-12-22T01:10:43.680000Z,424368,0.872
P,2022-12-22T01:10:45.990000Z,424599,0.698
P,2022-12-22T01:10:48.690000Z,424869,0.267
P,2022-12-22T01:10:52.220000Z,425222,0.433
P,2022-12-22T01:10:58.200000Z,425820,0.815
P,2022-12-22T01:11:04.340000Z,426434,0.459
P,2022-12-22T01:11:12.800000Z,427280,0.967
P,2022-12-22T01:11:25.750000Z,428575,0.365
P,2022-12-22T01:11:49.620000Z,430962,0.793
P,2022-12-22T01:12:02.880000Z,432288,0.292
P,2022-12-22T01:12:08.010000Z,432801,0.335
P,2022-12-22T01:12:12.940000Z,433294,0.288
P,2022-12-22T01:12:22.250000Z,434225,0.302
P,2022-12-22T01:12:30.100000Z,435010,0.598
P,2022-12-22T01:12:32.420000Z,435242,0.138
P,2022-12-22T01:12:34.340000Z,435434,0.250
P,2022-12-22T01:12:36.260000Z,435626,0.111
P,2022-12-22T01:12:40.420000Z,436042,0.750
P,2022-12-22T01:12:48.900000Z,436890,0.369
P,2022-12-22T01:13:03.650000Z,438365,0.556
P,2022-12-22T01:13:11.140000Z,439114,0.163
P,2022-12-22T01:13:20.350000Z,440035,0.141
P,2022-12-22T01:13:36.440000Z,441644,0.119
P,2022-12-22T01:13:38.040000Z,441804,0.129
P,2022-12-22T01:13:40.580000Z,442058,0.288
P,2022-12-22T01:13:47.640000Z,442764,0.117
P,2022-12-22T01:13:51.670000Z,443167,0.369
P,2022-12-22T01:14:05.770000Z,444577,0.106
P,2022-12-22T01:14:27.890000Z,446789,0.198
P,2022-12-22T01:14:34.750000Z,447475,0.909
P,2022-12-22T01:14:50.850000Z,449085,0.132
P,2022-12-22T01:14:55.270000Z,449527,0.297
P,2022-12-22T01:15:09.670000Z,450967,0.361
P,2022-12-22T01:15:12.740000Z,451274,0.112
P,2022-12-22T01:15:21.280000Z,452128,0.228
P,2022-12-22T01:15:35.200000Z,453520,0.178
P,2022-12-22T01:15:50.810000Z,455081,0.226
P,2022-12-22T01:15:55.040000Z,455504,0.458
P,2022-12-22T01:16:02.800000Z,456280,0.131
P,2022-12-22T01:16:06.810000Z,456681,0.287
P,2022-12-22T01:16:23.290000Z,458329,0.432
P,2022-12-22T01:16:32.490000Z,459249,0.221
P,2022-12-22T01:16:35.510000Z,459551,0.740
P,2022-12-22T01:16:39.950000Z,459995,0.732
P,2022-12-22T01:16:51.060000Z,461106,0.630
P,2022-12-22T01:16:53.620000Z,461362,0.351
P,2022-12-22T01:17:07.630000Z,462763,0.363
P,2022-12-22T01:17:15.630000Z,463563,0.525
P,2022-12-22T01:17:24.580000Z,464458,0.191
P,2022-12-22T01:17:34.280000Z,465428,0.455
P,2022-12-22T01:17:41.970000Z,466197,0.245
P,2022-12-22T01:18:04.920000Z,468492,0.120
P,2022-12-22T01:18:06.050000Z,468605,0.186
P,2022-12-22T01:18:08.100000Z,468810,0.306
P,2022-12-22T01:18:11.330000Z,469133,0.159
P,2022-12-22T01:18:14.210000Z,469421,0.360
P,2022-12-22T01:18:23.760000Z,470376,0.675
P,2022-12-22T01:18:40.650000Z,472065,0.261
P,2022-12-22T01:18:47.100000Z,472710,0.370
P,2022-12-22T01:18:58.090000Z,473809,0.634
P,2022-12-22T01:19:04.150000Z,474415,0.419
P,2022-12-22T01:19:29.920000Z,476992,0.716
P,2022-12-22T01:19:36.080000Z,477608,0.392
P,2022-12-22T01:19:39.610000Z,477961,0.331
P,2022-12-22T01:19:46.710000Z,478671,0.134
P,2022-12-22T01:20:07.370000Z,480737,0.458
P,2022-12-22T01:20:11.530000Z,481153,0.472
P,2022-12-22T01:20:18.020000Z,481802,0.199
P,2022-12-22T01:20:35.070000Z,483507,0.228
P,2022-12-22T01:20:43.460000Z,484346,0.140
P,2022-12-22T01:20:55.250000Z,485525,0.940
P,2022-12-22T01:21:01.120000Z,486112,0.789
P,2022-12-22T01:21:21.400000Z,488140,0.208
P,2022-12-22T01:21:23.060000Z,488306,0.246
P,2022-12-22T01:21:25.480000Z,488548,0.312
P,2022-12-22T01:21:27.560000Z,488756,0.279
P,2022-12-22T01:21:29.800000Z,488980,0.278
P,2022-12-22T01:21:32.760000Z,489276,0.144
P,2022-12-22T01:21:35.750000Z,489575,0.310
P,2022-12-22T01:21:47.160000Z,490716,0.215
P,2022-12-22T01:21:48.780000Z,490878,0.171
P,2022-12-22T01:22:08.210000Z,492821,0.109
P,2022-12-22T01:22:41.510000Z,496151,0.142
P,2022-12-22T01:22:44.300000Z,496430,0.396
P,2022-12-22T01:22:54.230000Z,497423,0.698
P,2022-12-22T01:23:09.400000Z,498940,0.511
P,2022-12-22T01:23:17.110000Z,499711,0.141
P,2022-12-22T01:23:21.190000Z,500119,0.344
P,2022-12-22T01:23:38.070000Z,501807,0.112
P,2022-12-22T01:23:44.250000Z,502425,0.315
P,2022-12-22T01:23:54.080000Z,503408,0.438
P,2022-12-22T01:23:57.610000Z,503761,0.250
P,2022-12-22T01:24:00.800000Z,504080,0.323
P,2022-12-22T01:24:13.680000Z,505368,0.312
P,2022-12-22T01:24:22.100000Z,506210,0.172
P,2022-12-22T01:24:23.930000Z,506393,0.257
P,2022-12-22T01:24:26.970000Z,506697,0.405
P,2022-12-22T01:24:33.450000Z,507345,0.200
P,2022-12-22T01:24:35.060000Z,507506,0.130
P,2022-12-22T01:24:45.770000Z,508577,0.281
P,2022-12-22T01:24:47.380000Z,508738,0.126
P,2022-12-22T01:24:49.450000Z,508945,0.146
P,2022-12-22T01:25:07.840000Z,510784,0.664
P,2022-12-22T01:25:14.830000Z,511483,0.338
P,2022-12-22T01:25:18.350000Z,511835,0.270
P,2022-12-22T01:25:20.400000Z,512040,0.810
P,2022-12-22T01:25:33.550000Z,513355,0.285
P,2022-12-22T01:25:40.360000Z,514036,0.112
P,2022-12-22T01:25:47.880000Z,514788,0.196
P,2022-12-22T01:25:49.470000Z,514947,0.270
P,2022-12-22T01:25:55.560000Z,515556,0.211
P,2022-12-22T01:26:03.540000Z,516354,0.458
P,2022-12-22T01:26:18.700000Z,517870,0.344
P,2022-12-22T01:26:28.780000Z,518878,0.320
P,2022-12-22T01:26:51.890000Z,521189,0.252
P,2022-12-22T01:27:00.370000Z,522037,0.300
P,2022-12-22T01:27:09.740000Z,522974,0.307
P,2022-12-22T01:27:13.270000Z,523327,0.181
P,2022-12-22T01:27:15.990000Z,523599,0.146
P,2022-12-22T01:27:24.320000Z,524432,0.123
P,2022-12-22T01:27:27.380000Z,524738,0.706
P,2022-12-22T01:27:35.430000Z,525543,0.936
P,2022-12-22T01:27:39.600000Z,525960,0.316
P,2022-12-22T01:27:40.810000Z,526081,0.102
P,2022-12-22T01:27:42.480000Z,526248,0.235
P,2022-12-22T01:27:53.200000Z,527320,0.118
P,2022-12-22T01:27:56.550000Z,527655,0.239
P,2022-12-22T01:27:58.690000Z,527869,0.260
P,2022-12-22T01:28:00.080000Z,528008,0.243
P,2022-12-22T01:28:04.960000Z,528496,0.154
P,2022-12-22T01:28:10.100000Z,529010,0.522
P,2022-12-22T01:28:20.010000Z,530001,0.393
P,2022-12-22T01:28:24.500000Z,530450,0.322
P,2022-12-22T01:28:31.460000Z,531146,0.872
P,2022-12-22T01:28:36.910000Z,531691,0.936
P,2022-12-22T01:29:10.270000Z,535027,0.103
P,2022-12-22T01:29:29.300000Z,536930,0.122
P,2022-12-22T01:29:55.240000Z,539524,0.260
P,2022-12-22T01:30:21.650000Z,542165,0.229
P,2022-12-22T01:31:19.430000Z,547943,0.233
P,2022-12-22T01:32:00.590000Z,552059,0.111
P,2022-12-22T01:32:01.850000Z,552185,0.147
P,2022-12-22T01:32:09.050000Z,552905,0.278
P,2022-12-22T01:32:33.810000Z,555381,0.482
P,2022-12-22T01:32:41.920000Z,556192,0.110
P,2022-12-22T01:32:43.380000Z,556338,0.207
P,2022-12-22T01:32:46.740000Z,556674,0.170
P,2022-12-22T01:32:48.760000Z,556876,0.755
P,2022-12-22T01:32:51.220000Z,557122,0.145
P,2022-12-22T01:33:02.830000Z,558283,0.122
P,2022-12-22T01:33:05.870000Z,558587,0.325
P,2022-12-22T01:33:07.630000Z,558763,0.718
P,2022-12-22T01:33:09.400000Z,558940,0.262
P,2022-12-22T01:33:14.510000Z,559451,0.525
P,2022-12-22T01:33:16.270000Z,559627,0.195
P,2022-12-22T01:33:51.970000Z,563197,0.739
P,2022-12-22T01:34:44.890000Z,568489,0.933
P,2022-12-22T01:35:01.910000Z,570191,0.303
P,2022-12-22T01:35:03.830000Z,570383,0.242
P,2022-12-22T01:35:08.470000Z,570847,0.137
P,2022-12-22T01:35:11.790000Z,571179,0.700
P,2022-12-22T01:35:27.190000Z,572719,0.355
P,2022-12-22T01:35:43.590000Z,574359,0.101
P,2022-12-22T01:35:46.150000Z,574615,0.198
P,2022-12-22T01:35:51.650000Z,575165,0.108
P,2022-12-22T01:35:52.710000Z,575271,0.344
P,2022-12-22T01:36:03.530000Z,576353,0.181
P,2022-12-22T01:36:08.970000Z,576897,0.188
P,2022-12-22T01:36:14.240000Z,577424,0.125
P,2022-12-22T01:36:27.850000Z,578785,0.202
P,2022-12-22T01:36:55.810000Z,581581,0.397
P,2022-12-22T01:37:12.480000Z,583248,0.255
P,2022-12-22T01:38:01.960000Z,588196,0.139
P,2022-12-22T01:46:11.060000Z,637106,0.145
P,2022-12-22T01:46:16.370000Z,637637,0.154
P,2022-12-22T01:46:19.400000Z,637940,0.142
P,2022-12-22T01:46:48.620000Z,640862,0.282
P,2022-12-22T01:54:05.910000Z,684591,0.332
P,2022-12-22T01:54:24.670000Z,686467,0.113
P,2022-12-22T01:56:43.380000Z,700338,0.125
P,2022-12-22T02:06:00.350000Z,756035,0.269
P,2022-12-22T02:06:33.120000Z,759312,0.157
P,2022-12-22T02:07:33.520000Z,765352,0.153
P,2022-12-22T02:08:40.250000Z,772025,0.165
P,2022-12-22T02:27:11.590000Z,883159,0.191
P,2022-12-22T02:27:56.800000Z,887680,0.150
P,2022-12-22T02:33:54.200000Z,923420,0.107
P,2022-12-22T02:34:59.500000Z,929950,0.194
P,2022-12-22T02:36:30.160000Z,939016,0.133
P,2022-12-22T02:40:17.930000Z,961793,0.125
P,2022-12-22T02:46:39.990000Z,999999,0.148
P,2022-12-22T02:47:26.700000Z,1004670,0.129
P,2022-12-22T02:47:30.230000Z,1005023,0.327
P,2022-12-22T02:54:24.600000Z,1046460,0.102
P,2022-12-22T02:57:39.940000Z,1065994,0.247
P,2022-12-22T02:58:27.190000Z,1070719,0.188
P,2022-12-22T02:58:57.100000Z,1073710,0.224
P,2022-12-22T03:04:27.050000Z,1106705,0.142
P,2022-12-22T03:11:54.960000Z,1151496,0.102
P,2022-12-22T03:12:03.600000Z,1152360,0.237
P,2022-12-22T03:12:17.270000Z,1153727,0.136
P,2022-12-22T03:12:30.250000Z,1155025,0.121
P,2022-12-22T03:14:16.210000Z,1165621,0.101
P,2022-12-22T03:15:36.390000Z,1173639,0.178
P,2022-12-22T03:18:01.790000Z,1188179,0.105
P,2022-12-22T03:28:43.620000Z,1252362,0.148
P,2022-12-22T03:32:50.000000Z,1277000,0.220
P,2022-12-22T03:35:02.140000Z,1290214,0.173
P,2022-12-22T03:36:02.610000Z,1296261,0.131
P,2022-12-22T03:36:34.790000Z,1299479,0.106
P,2022-12-22T03:36:46.340000Z,1300634,0.290
P,2022-12-22T03:37:20.820000Z,1304082,0.130
P,2022-12-22T03:41:15.300000Z,1327530,0.138
P,2022-12-22T03:45:13.960000Z,1351396,0.162
P,2022-12-22T03:49:00.190000Z,1374019,0.351
P,2022-12-22T03:57:48.680000Z,1426868,0.111
P,2022-12-22T04:00:23.400000Z,1442340,0.598
P,2022-12-22T04:01:06.590000Z,1446659,0.203
P,2022-12-22T04:01:26.500000Z,1448650,0.206
P,2022-12-22T04:01:47.740000Z,1450774,0.134
P,2022-12-22T04:02:30.120000Z,1455012,0.118
P,2022-12-22T04:06:29.890000Z,1478989,0.198
P,2022-12-22T04:07:39.090000Z,1485909,0.263
P,2022-12-22T04:09:29.730000Z,1496973,0.116
P,2022-12-22T04:10:02.840000Z,1500284,0.142
P,2022-12-22T04:10:36.850000Z,1503685,0.226
P,2022-12-22T04:11:11.270000Z,1507127,0.110
P,2022-12-22T04:12:14.160000Z,1513416,0.108
P,2022-12-22T04:16:39.460000Z,1539946,0.211
P,2022-12-22T04:17:47.140000Z,1546714,0.144
P,2022-12-22T04:25:50.670000Z,1595067,0.148
P,2022-12-22T04:25:52.470000Z,1595247,0.105
P,2022-12-22T04:26:04.280000Z,1596428,0.153
P,2022-12-22T04:27:15.900000Z,1603590,0.177
P,2022-12-22T04:27:20.700000Z,1604070,0.158
P,2022-12-22T04:28:10.170000Z,1609017,0.148
P,2022-12-22T04:29:07.260000Z,1614726,0.474
P,2022-12-22T04:29:49.960000Z,1618996,0.490
P,2022-12-22T04:31:13.360000Z,1627336,0.104
P,2022-12-22T04:31:20.240000Z,1628024,0.195
P,2022-12-22T04:31:36.980000Z,1629698,0.211
P,2022-12-22T04:32:17.770000Z,1633777,0.131
P,2022-12-22T04:33:28.830000Z,1640883,0.172
P,2022-12-22T04:33:34.590000Z,1641459,0.197
P,2022-12-22T04:35:43.660000Z,1654366,0.193
P,2022-12-22T04:37:05.310000Z,1662531,0.659
P,2022-12-22T04:38:49.020000Z,1672902,0.102
P,2022-12-22T04:48:12.970000Z,1729297,0.167
P,2022-12-22T04:48:43.140000Z,1732314,0.120
P,2022-12-22T04:49:42.520000Z,1738252,0.105
P,2022-12-22T04:53:53.320000Z,1763332,0.104
P,2022-12-22T04:54:50.110000Z,1769011,0.184
P,2022-12-22T04:55:21.110000Z,1772111,0.151
P,2022-12-22T05:03:55.990000Z,1823599,0.288
P,2022-12-22T05:05:36.000000Z,1833600,0.188
P,2022-12-22T05:08:10.490000Z,1849049,0.116
P,2022-12-22T05:09:08.050000Z,1854805,0.563
P,2022-12-22T05:14:31.240000Z,1887124,0.110
P,2022-12-22T05:14:38.050000Z,1887805,0.163
P,2022-12-22T05:17:19.450000Z,1903945,0.152
P,2022-12-22T05:23:18.610000Z,1939861,0.643
P,2022-12-22T05:30:18.580000Z,1981858,0.133
P,2022-12-22T05:32:04.920000Z,1992492,0.119
P,2022-12-22T05:37:29.760000Z,2024976,0.108
P,2022-12-22T05:38:19.570000Z,2029957,0.497
P,2022-12-22T05:40:54.420000Z,2045442,0.201
P,2022-12-22T05:41:23.470000Z,2048347,0.522
P,2022-12-22T05:42:01.670000Z,2052167,0.114
P,2022-12-22T05:42:54.030000Z,2057403,0.109
P,2022-12-22T05:43:33.900000Z,2061390,0.361
P,2022-12-22T05:46:34.760000Z,2079476,0.101
P,2022-12-22T05:52:09.340000Z,2112934,0.174
P,2022-12-22T05:55:41.270000Z,2134127,0.209
P,2022-12-22T05:58:01.380000Z,2148138,0.218
P,2022-12-22T06:01:19.230000Z,2167923,0.125
P,2022-12-22T06:09:44.330000Z,2218433,0.132
P,2022-12-22T06:11:04.860000Z,2226486,0.363
P,2022-12-22T06:13:03.380000Z,2238338,0.244
P,2022-12-22T06:13:10.030000Z,2239003,0.238
P,2022-12-22T06:13:15.790000Z,2239579,0.103
P,2022-12-22T06:13:24.410000Z,2240441,0.162
P,2022-12-22T06:13:27.960000Z,2240796,0.158
P,2022-12-22T06:13:33.650000Z,2241365,0.614
P,2022-12-22T06:13:36.100000Z,2241610,0.395
P,2022-12-22T06:13:43.750000Z,2242375,0.528
P,2022-12-22T06:13:47.400000Z,2242740,0.491
P,2022-12-22T06:13:55.790000Z,2243579,0.272
P,2022-12-22T06:14:01.080000Z,2244108,0.361
P,2022-12-22T06:14:06.280000Z,2244628,0.124
P,2022-12-22T06:14:09.000000Z,2244900,0.150
P,2022-12-22T06:14:13.890000Z,2245389,0.170
P,2022-12-22T06:14:27.970000Z,2246797,0.260
P,2022-12-22T06:14:45.970000Z,2248597,0.122
P,2022-12-22T06:14:56.220000Z,2249622,0.291
P,2022-12-22T06:15:11.880000Z,2251188,0.777
P,2022-12-22T06:15:13.890000Z,2251389,0.518
P,2022-12-22T06:15:15.670000Z,2251567,0.202
P,2022-12-22T06:15:26.180000Z,2252618,0.427
P,2022-12-22T06:15:33.340000Z,2253334,0.288
P,2022-12-22T06:15:38.100000Z,2253810,0.296
P,2022-12-22T06:15:40.070000Z,2254007,0.388
P,2022-12-22T06:15:49.770000Z,2254977,0.687
P,2022-12-22T06:16:24.310000Z,2258431,0.207
P,2022-12-22T06:16:38.820000Z,2259882,0.259
P,2022-12-22T06:16:40.900000Z,2260090,0.157
P,2022-12-22T06:18:44.240000Z,2272424,0.212
P,2022-12-22T06:18:50.220000Z,2273022,0.189
P,2022-12-22T06:18:53.090000Z,2273309,0.117
P,2022-12-22T06:19:33.920000Z,2277392,0.111
P,2022-12-22T06:22:10.530000Z,2293053,0.148
P,2022-12-22T06:22:19.970000Z,2293997,0.229
P,2022-12-22T06:26:24.420000Z,2318442,0.670
P,2022-12-22T06:27:22.580000Z,2324258,0.113
P,2022-12-22T06:27:43.530000Z,2326353,0.246
P,2022-12-22T06:28:11.590000Z,2329159,0.240
P,2022-12-22T06:28:13.680000Z,2329368,0.120
P,2022-12-22T06:29:21.480000Z,2336148,0.107
P,2022-12-22T06:36:16.660000Z,2377666,0.159
P,2022-12-22T06:41:19.380000Z,2407938,0.171
P,2022-12-22T06:44:07.850000Z,2424785,0.184
P,2022-12-22T06:47:06.030000Z,2442603,0.125
P,2022-12-22T06:47:13.420000Z,2443342,0.145
P,2022-12-22T06:48:46.790000Z,2452679,0.133
P,2022-12-22T06:49:23.260000Z,2456326,0.109
P,2022-12-22T06:51:10.630000Z,2467063,0.111
P,2022-12-22T06:52:44.010000Z,2476401,0.115
P,2022-12-22T06:54:34.360000Z,2487436,0.121
P,2022-12-22T06:57:57.630000Z,2507763,0.399
P,2022-12-22T06:58:04.270000Z,2508427,0.398
P,2022-12-22T06:58:58.530000Z,2513853,0.131
P,2022-12-22T06:59:07.300000Z,2514730,0.104
P,2022-12-22T07:01:05.080000Z,2526508,0.187
P,2022-12-22T07:04:20.160000Z,2546016,0.330
P,2022-12-22T07:08:01.110000Z,2568111,0.139
P,2022-12-22T07:10:05.300000Z,2580530,0.101
P,2022-12-22T07:11:03.910000Z,2586391,0.262
P,2022-12-22T07:11:46.640000Z,2590664,0.142
P,2022-12-22T07:11:47.910000Z,2590791,0.157
P,2022-12-22T07:12:25.300000Z,2594530,0.107
P,2022-12-22T07:14:39.350000Z,2607935,0.221
P,2022-12-22T07:15:29.010000Z,2612901,0.108
P,2022-12-22T07:15:32.650000Z,2613265,0.299
P,2022-12-22T07:17:21.060000Z,2624106,0.107
P,2022-12-22T07:17:35.580000Z,2625558,0.442
P,2022-12-22T07:18:19.490000Z,2629949,0.378
P,2022-12-22T07:19:33.330000Z,2637333,0.224
P,2022-12-22T07:19:46.970000Z,2638697,0.227
P,2022-12-22T07:23:50.630000Z,2663063,0.169
P,2022-12-22T07:24:11.380000Z,2665138,0.199
P,2022-12-22T07:28:06.310000Z,2688631,0.409
P,2022-12-22T07:28:17.300000Z,2689730,0.174
P,2022-12-22T07:28:24.780000Z,2690478,0.123
P,2022-12-22T07:28:29.070000Z,2690907,0.206
P,2022-12-22T07:28:37.690000Z,2691769,0.123
P,2022-12-22T07:31:17.030000Z,2707703,0.187
P,2022-12-22T07:31:28.280000Z,2708828,0.166
P,2022-12-22T07:33:45.460000Z,2722546,0.143
P,2022-12-22T07:35:06.140000Z,2730614,0.193
P,2022-12-22T07:35:28.310000Z,2732831,0.231
P,2022-12-22T07:35:45.500000Z,2734550,0.127
P,2022-12-22T07:36:21.200000Z,2738120,0.118
P,2022-12-22T07:39:18.460000Z,2755846,0.106
P,2022-12-22T07:40:04.150000Z,2760415,0.205
P,2022-12-22T07:42:28.220000Z,2774822,0.155
P,2022-12-22T07:45:03.310000Z,2790331,0.329
P,2022-12-22T07:50:00.260000Z,2820026,0.126
P,2022-12-22T07:51:37.940000Z,2829794,0.134
P,2022-12-22T07:52:23.040000Z,2834304,0.172
P,2022-12-22T07:52:32.900000Z,2835290,0.202
P,2022-12-22T07:53:21.310000Z,2840131,0.107
P,2022-12-22T07:53:32.510000Z,2841251,0.123
P,2022-12-22T07:54:44.430000Z,2848443,0.123
P,2022-12-22T07:55:02.630000Z,2850263,0.215
P,2022-12-22T07:55:31.590000Z,2853159,0.119
P,2022-12-22T07:55:56.000000Z,2855600,0.276
P,2022-12-22T07:56:23.760000Z,2858376,0.180
P,2022-12-22T07:57:06.900000Z,2862690,0.132
P,2022-12-22T07:58:21.230000Z,2870123,0.117
P,2022-12-22T07:58:59.530000Z,2873953,0.762
P,2022-12-22T08:00:51.390000Z,2885139,0.111
P,2022-12-22T08:01:01.860000Z,2886186,0.110
P,2022-12-22T08:03:53.910000Z,2903391,0.123
P,2022-12-22T08:07:31.140000Z,2925114,0.103
P,2022-12-22T08:09:09.460000Z,2934946,0.620
P,2022-12-22T08:11:14.380000Z,2947438,0.169
P,2022-12-22T08:12:03.260000Z,2952326,0.147
P,2022-12-22T08:12:50.500000Z,2957050,0.138
P,2022-12-22T08:14:23.780000Z,2966378,0.108
P,2022-12-22T08:15:16.140000Z,2971614,0.106
P,2022-12-22T08:15:27.980000Z,2972798,0.258
P,2022-12-22T08:17:56.760000Z,2987676,0.178
P,2022-12-22T08:19:45.750000Z,2998575,0.136
P,2022-12-22T08:19:58.550000Z,2999855,0.314
P,2022-12-22T08:21:39.140000Z,3009914,0.106
P,2022-12-22T08:22:01.310000Z,3012131,0.234
P,2022-12-22T08:23:43.120000Z,3022312,0.145
P,2022-12-22T08:25:10.740000Z,3031074,0.107
P,2022-12-22T08:27:16.790000Z,3043679,0.279
P,2022-12-22T08:27:17.990000Z,3043799,0.433
P,2022-12-22T08:27:34.960000Z,3045496,0.158
P,2022-12-22T08:27:43.470000Z,3046347,0.363
P,2022-12-22T08:28:16.550000Z,3049655,0.132
P,2022-12-22T08:28:28.090000Z,3050809,0.246
P,2022-12-22T08:28:51.130000Z,3053113,0.322
P,2022-12-22T08:29:27.150000Z,3056715,0.293
P,2022-12-22T08:29:51.400000Z,3059140,0.262
P,2022-12-22T08:29:53.220000Z,3059322,0.221
P,2022-12-22T08:29:59.450000Z,3059945,0.151
P,2022-12-22T08:31:11.030000Z,3067103,0.135
P,2022-12-22T08:31:30.700000Z,3069070,0.129
P,2022-12-22T08:33:00.740000Z,3078074,0.165
P,2022-12-22T08:33:12.030000Z,3079203,0.219
P,2022-12-22T08:33:18.110000Z,3079811,0.132
P,2022-12-22T08:33:28.500000Z,3080850,0.135
P,2022-12-22T08:33:50.420000Z,3083042,0.163
P,2022-12-22T08:33:54.370000Z,3083437,0.695
P,2022-12-22T08:34:21.480000Z,3086148,0.146
P,2022-12-22T08:34:55.330000Z,3089533,0.208
P,2022-12-22T08:35:00.860000Z,3090086,0.177
P,2022-12-22T08:35:02.530000Z,3090253,0.143
P,2022-12-22T08:37:51.220000Z,3107122,0.102
P,2022-12-22T08:41:11.230000Z,3127123,0.123
P,2022-12-22T08:42:23.160000Z,3134316,0.121
P,2022-12-22T08:43:28.500000Z,3140850,0.634
P,2022-12-22T08:43:36.130000Z,3141613,0.129
P,2022-12-22T08:43:42.240000Z,3142224,0.213
P,2022-12-22T08:44:08.160000Z,3144816,0.118
P,2022-12-22T08:47:35.600000Z,3165560,0.806
P,2022-12-22T08:48:19.040000Z,3169904,0.108
P,2022-12-22T08:50:46.380000Z,3184638,0.141
P,2022-12-22T09:06:15.330000Z,3277533,0.113
P,2022-12-22T09:14:17.580000Z,3325758,0.106
P,2022-12-22T09:18:50.350000Z,3353035,0.101
P,2022-12-22T09:20:59.140000Z,3365914,0.138
P,2022-12-22T09:23:00.530000Z,3378053,0.120
P,2022-12-22T09:24:55.050000Z,3389505,0.265
P,2022-12-22T09:29:52.600000Z,3419260,0.184
P,2022-12-22T09:30:57.270000Z,3425727,0.201
P,2022-12-22T09:31:05.800000Z,3426580,0.263
P,2022-12-22T09:31:27.390000Z,3428739,0.665
P,2022-12-22T09:31:29.190000Z,3428919,0.262
P,2022-12-22T09:31:56.590000Z,3431659,0.421
P,2022-12-22T09:32:07.870000Z,3432787,0.126
P,2022-12-22T09:32:22.150000Z,3434215,0.254
P,2022-12-22T09:33:07.290000Z,3438729,0.263
P,2022-12-22T09:33:09.240000Z,3438924,0.663
P,2022-12-22T09:33:16.060000Z,3439606,0.433
P,2022-12-22T09:33:23.360000Z,3440336,0.132
P,2022-12-22T09:33:37.570000Z,3441757,0.872
P,2022-12-22T09:33:49.080000Z,3442908,0.384
P,2022-12-22T09:34:01.580000Z,3444158,0.511
P,2022-12-22T09:34:03.230000Z,3444323,0.152
P,2022-12-22T09:34:09.990000Z,3444999,0.168
P,2022-12-22T09:34:18.420000Z,3445842,0.414
P,2022-12-22T09:34:20.290000Z,3446029,0.233
P,2022-12-22T09:35:03.820000Z,3450382,0.305
P,2022-12-22T09:35:05.790000Z,3450579,0.206
P,2022-12-22T09:35:47.380000Z,3454738,0.102
P,2022-12-22T09:36:06.640000Z,3456664,0.133
P,2022-12-22T09:36:08.370000Z,3456837,0.584
P,2022-12-22T09:36:19.710000Z,3457971,0.298
P,2022-12-22T09:36:31.530000Z,3459153,0.306
P,2022-12-22T09:36:33.300000Z,3459330,0.181
P,2022-12-22T09:36:48.780000Z,3460878,0.844
P,2022-12-22T09:36:53.530000Z,3461353,0.346
P,2022-12-22T09:37:19.820000Z,3463982,0.444
P,2022-12-22T09:37:27.740000Z,3464774,0.275
P,2022-12-22T09:37:51.520000Z,3467152,0.104
P,2022-12-22T09:38:04.260000Z,3468426,0.185
P,2022-12-22T09:38:15.630000Z,3469563,0.123
P,2022-12-22T09:38:23.570000Z,3470357,0.224
P,2022-12-22T09:38:40.000000Z,3472000,0.352
P,2022-12-22T09:38:46.410000Z,3472641,0.472
P,2022-12-22T09:38:51.610000Z,3473161,0.149
P,2022-12-22T09:39:28.550000Z,3476855,0.122
P,2022-12-22T09:39:32.220000Z,3477222,0.123
P,2022-12-22T09:40:03.190000Z,3480319,0.291
P,2022-12-22T09:40:08.310000Z,3480831,0.150
P,2022-12-22T09:40:25.640000Z,3482564,0.532
P,2022-12-22T09:40:27.610000Z,3482761,0.129
P,2022-12-22T09:40:51.510000Z,3485151,0.423
P,2022-12-22T09:40:57.640000Z,3485764,0.290
P,2022-12-22T09:41:19.770000Z,3487977,0.683
P,2022-12-22T09:41:43.580000Z,3490358,0.816
P,2022-12-22T09:42:02.150000Z,3492215,0.936
P,2022-12-22T09:42:30.530000Z,3495053,0.492
P,2022-12-22T09:42:46.220000Z,3496622,0.560
P,2022-12-22T09:43:07.610000Z,3498761,0.488
P,2022-12-22T09:43:37.430000Z,3501743,0.661
P,2022-12-22T09:43:57.160000Z,3503716,0.744
P,2022-12-22T09:43:59.570000Z,3503957,0.687
P,2022-12-22T09:44:14.680000Z,3505468,0.122
P,2022-12-22T09:44:48.200000Z,3508820,0.873
P,2022-12-22T09:44:50.790000Z,3509079,0.836
P,2022-12-22T09:44:53.520000Z,3509352,0.139
P,2022-12-22T09:45:06.530000Z,3510653,0.896
P,2022-12-22T09:45:15.160000Z,3511516,0.676
P,2022-12-22T09:45:24.350000Z,3512435,0.566
P,2022-12-22T09:45:27.540000Z,3512754,0.333
P,2022-12-22T09:45:43.910000Z,3514391,0.853
P,2022-12-22T09:45:46.360000Z,3514636,0.174
P,2022-12-22T09:46:09.170000Z,3516917,0.496
P,2022-12-22T09:46:13.310000Z,3517331,0.115
P,2022-12-22T09:46:38.220000Z,3519822,0.838
P,2022-12-22T09:47:07.910000Z,3522791,0.713
P,2022-12-22T09:47:48.570000Z,3526857,0.525
P,2022-12-22T09:47:51.180000Z,3527118,0.145
P,2022-12-22T09:48:09.760000Z,3528976,0.480
P,2022-12-22T09:48:26.440000Z,3530644,0.763
P,2022-12-22T09:48:28.390000Z,3530839,0.162
P,2022-12-22T09:48:41.300000Z,3532130,0.571
P,2022-12-22T09:49:03.290000Z,3534329,0.877
P,2022-12-22T09:49:16.190000Z,3535619,0.497
P,2022-12-22T09:49:25.130000Z,3536513,0.202
P,2022-12-22T09:49:45.430000Z,3538543,0.851
P,2022-12-22T09:49:58.620000Z,3539862,0.545
P,2022-12-22T09:50:18.400000Z,3541840,0.188
P,2022-12-22T09:51:44.810000Z,3550481,0.303
P,2022-12-22T09:52:28.610000Z,3554861,0.728
P,2022-12-22T09:52:32.320000Z,3555232,0.360
P,2022-12-22T09:53:54.830000Z,3563483,0.104
P,2022-12-22T09:54:03.320000Z,3564332,0.233
P,2022-12-22T09:54:08.740000Z,3564874,0.187
P,2022-12-22T09:54:15.730000Z,3565573,0.169
P,2022-12-22T09:54:56.050000Z,3569605,0.151
P,2022-12-22T09:54:57.710000Z,3569771,0.314
P,2022-12-22T09:55:16.460000Z,3571646,0.178
P,2022-12-22T09:55:29.830000Z,3572983,0.323
P,2022-12-22T09:56:12.810000Z,3577281,0.129
P,2022-12-22T09:56:32.730000Z,3579273,0.157
P,2022-12-22T09:57:11.000000Z,3583100,0.205
P,2022-12-22T09:57:21.560000Z,3584156,0.582
P,2022-12-22T09:57:53.940000Z,3587394,0.170
P,2022-12-22T09:58:25.730000Z,3590573,0.359
P,2022-12-22T09:58:28.590000Z,3590859,0.127
P,2022-12-22T10:00:21.140000Z,3602114,0.160
P,2022-12-22T10:00:22.950000Z,3602295,0.261
P,2022-12-22T10:00:39.040000Z,3603904,0.195
P,2022-12-22T10:00:43.460000Z,3604346,0.128
P,2022-12-22T10:01:02.820000Z,3606282,0.288
P,2022-12-22T10:01:05.860000Z,3606586,0.395
P,2022-12-22T10:01:09.860000Z,3606986,0.176
P,2022-12-22T10:01:43.280000Z,3610328,0.281
P,2022-12-22T10:02:13.280000Z,3613328,0.549
P,2022-12-22T10:02:46.970000Z,3616697,0.502
P,2022-12-22T10:02:51.330000Z,3617133,0.415
P,2022-12-22T10:02:56.370000Z,3617637,0.493
P,2022-12-22T10:03:00.310000Z,3618031,0.512
P,2022-12-22T10:03:44.110000Z,3622411,0.673
P,2022-12-22T10:11:00.200000Z,3666020,0.156
P,2022-12-22T10:12:15.770000Z,3673577,0.250
P,2022-12-22T10:17:40.620000Z,3706062,0.115
P,2022-12-22T10:21:28.920000Z,3728892,0.145
P,2022-12-22T10:22:01.470000Z,3732147,0.149
P,2022-12-22T10:25:49.270000Z,3754927,0.590
P,2022-12-22T10:26:18.660000Z,3757866,0.186
P,2022-12-22T10:32:20.660000Z,3794066,0.112
P,2022-12-22T10:33:59.710000Z,3803971,0.113
P,2022-12-22T10:36:18.970000Z,3817897,0.149
P,2022-12-22T10:36:27.460000Z,3818746,0.101
P,2022-12-22T10:36:44.340000Z,3820434,0.122
P,2022-12-22T10:36:52.630000Z,3821263,0.122
P,2022-12-22T10:36:57.240000Z,3821724,0.460
P,2022-12-22T10:39:32.470000Z,3837247,0.170
P,2022-12-22T10:39:41.320000Z,3838132,0.114
P,2022-12-22T10:41:52.050000Z,3851205,0.234
P,2022-12-22T10:44:21.200000Z,3866120,0.326
P,2022-12-22T10:51:38.800000Z,3909880,0.190
P,2022-12-22T10:53:16.420000Z,3919642,0.136
P,2022-12-22T10:53:40.590000Z,3922059,0.177
P,2022-12-22T10:56:53.540000Z,3941354,0.118
P,2022-12-22T10:58:11.900000Z,3949190,0.918
P,2022-12-22T10:59:04.410000Z,3954441,0.424
P,2022-12-22T11:00:20.150000Z,3962015,0.190
P,2022-12-22T11:00:36.400000Z,3963640,0.104
P,2022-12-22T11:03:22.380000Z,3980238,0.102
P,2022-12-22T11:05:37.600000Z,3993760,0.191
P,2022-12-22T11:07:14.610000Z,4003461,0.140
P,2022-12-22T11:08:35.590000Z,4011559,0.102
P,2022-12-22T11:09:26.140000Z,4016614,0.356
P,2022-12-22T11:11:38.860000Z,4029886,0.141
P,2022-12-22T11:14:19.760000Z,4045976,0.120
P,2022-12-22T11:19:48.880000Z,4078888,0.113
P,2022-12-22T11:22:14.450000Z,4093445,0.104
P,2022-12-22T11:23:19.430000Z,4099943,0.145
P,2022-12-22T11:23:31.440000Z,4101144,0.100
P,2022-12-22T11:26:30.440000Z,4119044,0.141
P,2022-12-22T11:27:14.540000Z,4123454,0.141
P,2022-12-22T11:28:47.150000Z,4132715,0.105
P,2022-12-22T11:28:59.300000Z,4133930,0.211
P,2022-12-22T11:29:31.050000Z,4137105,0.140
P,2022-12-22T11:37:48.590000Z,4186859,0.151
P,2022-12-22T11:39:00.950000Z,4194095,0.139
P,2022-12-22T11:39:21.330000Z,4196133,0.103
P,2022-12-22T11:44:36.970000Z,4227697,0.216
P,2022-12-22T11:46:13.890000Z,4237389,0.238
P,2022-12-22T11:50:15.540000Z,4261554,0.628
P,2022-12-22T11:50:30.120000Z,4263012,0.173
P,2022-12-22T11:51:44.230000Z,4270423,0.136
P,2022-12-22T11:52:30.600000Z,4275060,0.126
P,2022-12-22T11:53:55.330000Z,4283533,0.102
P,2022-12-22T12:06:12.830000Z,4357283,0.146
P,2022-12-22T12:06:33.730000Z,4359373,0.349
P,2022-12-22T12:13:45.090000Z,4402509,0.129
P,2022-12-22T12:17:51.480000Z,4427148,0.355
P,2022-12-22T12:26:03.960000Z,4476396,0.102
P,2022-12-22T12:29:43.120000Z,4498312,0.117
P,2022-12-22T12:31:21.110000Z,4508111,0.128
P,2022-12-22T12:31:47.440000Z,4510744,0.128
P,2022-12-22T12:33:15.010000Z,4519501,0.387
P,2022-12-22T12:34:03.130000Z,4524313,0.379
P,2022-12-22T12:34:04.330000Z,4524433,0.607
P,2022-12-22T12:34:20.060000Z,4526006,0.110
P,2022-12-22T12:34:35.570000Z,4527557,0.142
P,2022-12-22T12:35:42.300000Z,4534230,0.156
P,2022-12-22T12:36:30.950000Z,4539095,0.143
P,2022-12-22T12:37:16.980000Z,4543698,0.114
P,2022-12-22T12:39:04.220000Z,4554422,0.442
P,2022-12-22T12:39:16.470000Z,4555647,0.163
P,2022-12-22T12:39:18.840000Z,4555884,0.356
P,2022-12-22T12:39:22.440000Z,4556244,0.105
P,2022-12-22T12:43:19.540000Z,4579954,0.134
P,2022-12-22T12:43:24.500000Z,4580450,0.200
P,2022-12-22T12:43:26.460000Z,4580646,0.130
P,2022-12-22T12:43:40.390000Z,4582039,0.293
P,2022-12-22T12:44:23.300000Z,4586330,0.160
P,2022-12-22T12:44:25.520000Z,4586552,0.283
P,2022-12-22T12:44:28.400000Z,4586840,0.147
P,2022-12-22T12:44:34.810000Z,4587481,0.260
P,2022-12-22T12:44:47.700000Z,4588770,0.169
P,2022-12-22T12:48:54.000000Z,4613400,0.134
P,2022-12-22T12:49:38.380000Z,4617838,0.115
P,2022-12-22T12:49:50.520000Z,4619052,0.280
P,2022-12-22T12:50:32.520000Z,4623252,0.105
P,2022-12-22T12:51:40.230000Z,4630023,0.163
P,2022-12-22T12:55:52.820000Z,4655282,0.198
P,2022-12-22T12:56:03.750000Z,4656375,0.194
P,2022-12-22T12:57:02.980000Z,4662298,0.100
P,2022-12-22T12:57:35.070000Z,4665507,0.133
P,2022-12-22T12:57:38.890000Z,4665889,0.133
P,2022-12-22T12:58:10.520000Z,4669052,0.161
P,2022-12-22T13:02:08.690000Z,4692869,0.105
P,2022-12-22T13:02:26.320000Z,4694632,0.476
P,2022-12-22T13:05:37.310000Z,4713731,0.177
P,2022-12-22T13:07:06.150000Z,4722615,0.148
P,2022-12-22T13:08:15.730000Z,4729573,0.144
P,2022-12-22T13:08:28.720000Z,4730872,0.101
P,2022-12-22T13:08:40.980000Z,4732098,0.103
P,2022-12-22T13:09:00.770000Z,4734077,0.300
P,2022-12-22T13:09:17.220000Z,4735722,0.147
P,2022-12-22T13:16:18.490000Z,4777849,0.171
P,2022-12-22T13:18:36.050000Z,4791605,0.103
P,2022-12-22T13:20:38.050000Z,4803805,0.277
P,2022-12-22T13:22:25.960000Z,4814596,0.111
P,2022-12-22T13:23:25.620000Z,4820562,0.137
P,2022-12-22T13:24:22.880000Z,4826288,0.182
P,2022-12-22T13:29:57.230000Z,4859723,0.105
P,2022-12-22T13:32:39.850000Z,4875985,0.203
P,2022-12-22T13:34:43.420000Z,4888342,0.162
P,2022-12-22T13:35:25.910000Z,4892591,0.139
P,2022-12-22T13:37:36.510000Z,4905651,0.125
P,2022-12-22T13:38:08.920000Z,4908892,0.164
P,2022-12-22T13:41:42.820000Z,4930282,0.104
P,2022-12-22T13:47:14.870000Z,4963487,0.197
P,2022-12-22T13:47:32.540000Z,4965254,0.103
P,2022-12-22T13:51:13.340000Z,4987334,0.174
P,2022-12-22T13:51:41.600000Z,4990160,0.111
P,2022-12-22T13:52:57.370000Z,4997737,0.187
P,2022-12-22T13:53:03.300000Z,4998330,0.208
P,2022-12-22T13:53:08.890000Z,4998889,0.238
P,2022-12-22T13:53:21.950000Z,5000195,0.172
P,2022-12-22T13:56:20.970000Z,5018097,0.113
P,2022-12-22T13:56:59.600000Z,5021960,0.192
P,2022-12-22T13:57:02.650000Z,5022265,0.103
P,2022-12-22T13:57:14.900000Z,5023490,0.170
P,2022-12-22T13:57:18.810000Z,5023881,0.206
P,2022-12-22T13:57:49.320000Z,5026932,0.184
P,2022-12-22T14:20:26.860000Z,5162686,0.131
P,2022-12-22T14:21:26.190000Z,5168619,0.149
P,2022-12-22T14:21:54.330000Z,5171433,0.697
P,2022-12-22T14:22:28.400000Z,5174840,0.682
P,2022-12-22T14:22:45.960000Z,5176596,0.530
P,2022-12-22T14:22:48.370000Z,5176837,0.381
P,2022-12-22T14:24:08.490000Z,5184849,0.185
P,2022-12-22T14:24:57.600000Z,5189760,0.229
P,2022-12-22T14:25:43.580000Z,5194358,0.451
P,2022-12-22T14:28:20.250000Z,5210025,0.106
P,2022-12-22T14:31:03.570000Z,5226357,0.115
P,2022-12-22T14:36:03.350000Z,5256335,0.114
P,2022-12-22T14:36:05.430000Z,5256543,0.440
P,2022-12-22T14:36:07.280000Z,5256728,0.173
P,2022-12-22T14:40:28.010000Z,5282801,0.113
P,2022-12-22T14:41:04.050000Z,5286405,0.198
P,2022-12-22T14:45:46.310000Z,5314631,0.304
P,2022-12-22T14:48:24.860000Z,5330486,0.144
P,2022-12-22T14:49:37.470000Z,5337747,0.243
P,2022-12-22T14:51:49.490000Z,5350949,0.241
P,2022-12-22T14:52:40.080000Z,5356008,0.120
P,2022-12-22T14:52:44.390000Z,5356439,0.264
P,2022-12-22T14:52:46.850000Z,5356685,0.228
P,2022-12-22T14:53:03.230000Z,5358323,0.303
P,2022-12-22T14:53:07.390000Z,5358739,0.109
P,2022-12-22T14:53:24.740000Z,5360474,0.168
P,2022-12-22T14:53:38.260000Z,5361826,0.271
P,2022-12-22T14:53:47.630000Z,5362763,0.353
P,2022-12-22T14:54:12.360000Z,5365236,0.136
P,2022-12-22T14:54:57.750000Z,5369775,0.131
P,2022-12-22T14:55:11.260000Z,5371126,0.179
P,2022-12-22T14:56:31.490000Z,5379149,0.116
P,2022-12-22T14:57:02.660000Z,5382266,0.199
P,2022-12-22T14:58:12.830000Z,5389283,0.409
P,2022-12-22T14:58:37.490000Z,5391749,0.144
P,2022-12-22T14:59:27.910000Z,5396791,0.109
P,2022-12-22T14:59:34.950000Z,5397495,0.473
P,2022-12-22T15:00:04.090000Z,5400409,0.161
P,2022-12-22T15:00:18.000000Z,5401800,0.124
P,2022-12-22T15:01:00.180000Z,5406018,0.152
P,2022-12-22T15:01:21.860000Z,5408186,0.212
P,2022-12-22T15:01:35.130000Z,5409513,0.148
P,2022-12-22T15:01:38.200000Z,5409820,0.136
P,2022-12-22T15:01:46.990000Z,5410699,0.117
P,2022-12-22T15:01:53.780000Z,5411378,0.148
P,2022-12-22T15:02:01.930000Z,5412193,0.277
P,2022-12-22T15:02:08.030000Z,5412803,0.159
P,2022-12-22T15:02:25.090000Z,5414509,0.164
P,2022-12-22T15:02:35.290000Z,5415529,0.192
P,2022-12-22T15:02:54.300000Z,5417430,0.177
P,2022-12-22T15:03:00.220000Z,5418022,0.114
P,2022-12-22T15:03:03.750000Z,5418375,0.110
P,2022-12-22T15:03:55.320000Z,5423532,0.708
P,2022-12-22T15:04:33.450000Z,5427345,0.118
P,2022-12-22T15:04:36.310000Z,5427631,0.102
P,2022-12-22T15:05:45.790000Z,5434579,0.124
P,2022-12-22T15:06:00.600000Z,5436060,0.122
P,2022-12-22T15:06:41.010000Z,5440101,0.130
P,2022-12-22T15:07:56.410000Z,5447641,0.132
P,2022-12-22T15:07:58.890000Z,5447889,0.239
P,2022-12-22T15:08:02.170000Z,5448217,0.132
P,2022-12-22T15:08:15.350000Z,5449535,0.392
P,2022-12-22T15:08:18.160000Z,5449816,0.102
P,2022-12-22T15:09:05.400000Z,5454540,0.148
P,2022-12-22T15:09:12.650000Z,5455265,0.110
P,2022-12-22T15:09:15.540000Z,5455554,0.187
P,2022-12-22T15:11:23.200000Z,5468320,0.154
P,2022-12-22T15:11:26.800000Z,5468680,0.134
P,2022-12-22T15:13:47.150000Z,5482715,0.158
P,2022-12-22T15:15:41.600000Z,5494160,0.117
P,2022-12-22T15:17:19.150000Z,5503915,0.157
P,2022-12-22T15:17:42.430000Z,5506243,0.119
P,2022-12-22T15:17:55.230000Z,5507523,0.273
P,2022-12-22T15:18:20.130000Z,5510013,0.108
P,2022-12-22T15:18:58.770000Z,5513877,0.173
P,2022-12-22T15:19:14.650000Z,5515465,0.680
P,2022-12-22T15:19:28.000000Z,5516800,0.187
P,2022-12-22T15:19:30.240000Z,5517024,0.132
P,2022-12-22T15:19:32.300000Z,5517230,0.576
P,2022-12-22T15:20:05.750000Z,5520575,0.104
P,2022-12-22T15:20:20.650000Z,5522065,0.114
P,2022-12-22T15:20:25.590000Z,5522559,0.143
P,2022-12-22T15:20:30.410000Z,5523041,0.190
P,2022-12-22T15:21:11.480000Z,5527148,0.308
P,2022-12-22T15:21:57.070000Z,5531707,0.536
P,2022-12-22T15:21:58.830000Z,5531883,0.123
P,2022-12-22T15:22:11.710000Z,5533171,0.331
P,2022-12-22T15:22:15.250000Z,5533525,0.132
P,2022-12-22T15:22:28.780000Z,5534878,0.120
P,2022-12-22T15:22:30.840000Z,5535084,0.231
P,2022-12-22T15:22:34.040000Z,5535404,0.218
P,2022-12-22T15:22:54.350000Z,5537435,0.104
P,2022-12-22T15:22:55.550000Z,5537555,0.297
P,2022-12-22T15:22:57.730000Z,5537773,0.308
P,2022-12-22T15:23:17.790000Z,5539779,0.144
P,2022-12-22T15:23:45.990000Z,5542599,0.276
P,2022-12-22T15:23:47.600000Z,5542760,0.216
P,2022-12-22T15:24:16.080000Z,5545608,0.129
P,2022-12-22T15:24:39.530000Z,5547953,0.408
P,2022-12-22T15:24:41.440000Z,5548144,0.109
P,2022-12-22T15:25:12.890000Z,5551289,0.169
P,2022-12-22T15:25:51.390000Z,5555139,0.412
P,2022-12-22T15:26:20.130000Z,5558013,0.578
P,2022-12-22T15:26:22.190000Z,5558219,0.743
P,2022-12-22T15:26:23.650000Z,5558365,0.348
P,2022-12-22T15:27:10.940000Z,5563094,0.167
P,2022-12-22T15:28:47.210000Z,5572721,0.154
P,2022-12-22T15:29:11.530000Z,5575153,0.250
P,2022-12-22T15:31:14.700000Z,5587470,0.115
P,2022-12-22T15:31:21.880000Z,5588188,0.205
P,2022-12-22T15:31:51.520000Z,5591152,0.128
P,2022-12-22T15:32:14.570000Z,5593457,0.108
P,2022-12-22T15:32:57.240000Z,5597724,0.151
P,2022-12-22T15:32:59.350000Z,5597935,0.104
P,2022-12-22T15:33:57.320000Z,5603732,0.180
P,2022-12-22T15:39:43.260000Z,5638326,0.106
P,2022-12-22T15:41:14.590000Z,5647459,0.165
P,2022-12-22T15:42:04.360000Z,5652436,0.208
P,2022-12-22T15:43:14.530000Z,5659453,0.121
P,2022-12-22T15:47:04.950000Z,5682495,0.114
P,2022-12-22T15:49:38.720000Z,5697872,0.105
P,2022-12-22T15:50:25.730000Z,5702573,0.221
P,2022-12-22T15:50:29.560000Z,5702956,0.431
P,2022-12-22T15:50:43.480000Z,5704348,0.169
P,2022-12-22T15:50:53.540000Z,5705354,0.257
P,2022-12-22T15:51:06.040000Z,5706604,0.175
P,2022-12-22T15:51:14.510000Z,5707451,0.101
P,2022-12-22T15:51:17.390000Z,5707739,0.104
P,2022-12-22T15:51:43.910000Z,5710391,0.276
P,2022-12-22T15:51:55.430000Z,5711543,0.708
P,2022-12-22T15:51:59.020000Z,5711902,0.178
P,2022-12-22T15:55:18.670000Z,5731867,0.138
P,2022-12-22T15:55:40.550000Z,5734055,0.261
P,2022-12-22T15:55:54.350000Z,5735435,0.328
P,2022-12-22T15:56:45.270000Z,5740527,0.194
P,2022-12-22T15:56:49.560000Z,5740956,0.500
P,2022-12-22T15:57:03.750000Z,5742375,0.104
P,2022-12-22T15:57:10.080000Z,5743008,0.136
P,2022-12-22T16:01:27.850000Z,5768785,0.146
P,2022-12-22T16:01:44.330000Z,5770433,0.192
P,2022-12-22T16:01:50.190000Z,5771019,0.433
P,2022-12-22T16:02:00.570000Z,5772057,0.149
P,2022-12-22T16:02:24.770000Z,5774477,0.140
P,2022-12-22T16:02:41.300000Z,5776130,0.592
P,2022-12-22T16:02:54.530000Z,5777453,0.212
P,2022-12-22T16:02:56.720000Z,5777672,0.238
P,2022-12-22T16:03:06.980000Z,5778698,0.801
P,2022-12-22T16:03:08.930000Z,5778893,0.201
P,2022-12-22T16:03:12.440000Z,5779244,0.133
P,2022-12-22T16:03:14.320000Z,5779432,0.192
P,2022-12-22T16:03:17.080000Z,5779708,0.116
P,2022-12-22T16:03:21.570000Z,5780157,0.125
P,2022-12-22T16:03:53.340000Z,5783334,0.235
P,2022-12-22T16:03:57.970000Z,5783797,0.102
P,2022-12-22T16:06:22.680000Z,5798268,0.121
P,2022-12-22T16:09:14.810000Z,5815481,0.128
P,2022-12-22T16:09:19.110000Z,5815911,0.280
P,2022-12-22T16:09:55.150000Z,5819515,0.156
P,2022-12-22T16:10:21.100000Z,5822110,0.185
P,2022-12-22T16:11:32.430000Z,5829243,0.213
P,2022-12-22T16:12:12.160000Z,5833216,0.288
P,2022-12-22T16:16:41.370000Z,5860137,0.336
P,2022-12-22T16:18:09.880000Z,5868988,0.123
P,2022-12-22T16:25:47.540000Z,5914754,0.103
P,2022-12-22T16:27:53.810000Z,5927381,0.130
P,2022-12-22T16:29:30.990000Z,5937099,0.140
P,2022-12-22T16:30:31.390000Z,5943139,0.151
P,2022-12-22T16:34:47.400000Z,5968740,0.240
P,2022-12-22T16:36:57.550000Z,5981755,0.139
P,2022-12-22T16:47:22.700000Z,6044270,0.548
P,2022-12-22T16:55:24.830000Z,6092483,0.905
P,2022-12-22T17:00:03.840000Z,6120384,0.210
P,2022-12-22T17:16:26.470000Z,6218647,0.102
P,2022-12-22T17:16:29.600000Z,6218960,0.172
P,2022-12-22T17:16:43.130000Z,6220313,0.105
P,2022-12-22T17:18:11.220000Z,6229122,0.145
P,2022-12-22T17:26:12.830000Z,6277283,0.136
P,2022-12-22T17:33:46.140000Z,6322614,0.138
P,2022-12-22T17:35:15.050000Z,6331505,0.368
P,2022-12-22T17:35:32.620000Z,6333262,0.203
P,2022-12-22T17:53:11.490000Z,6439149,0.108
P,2022-12-22T18:17:05.690000Z,6582569,0.400
P,2022-12-22T18:21:52.730000Z,6611273,0.115
P,2022-12-22T18:28:43.290000Z,6652329,0.162
P,2022-12-22T18:32:16.860000Z,6673686,0.214
P,2022-12-22T18:33:19.780000Z,6679978,0.228
P,2022-12-22T18:34:16.050000Z,6685605,0.121
P,2022-12-22T18:34:21.130000Z,6686113,0.137
P,2022-12-22T18:36:23.610000Z,6698361,0.231
P,2022-12-22T18:38:38.680000Z,6711868,0.230
P,2022-12-22T18:46:55.480000Z,6761548,0.178
P,2022-12-22T18:47:06.460000Z,6762646,0.146
P,2022-12-22T18:47:28.450000Z,6764845,0.142
P,2022-12-22T18:49:06.470000Z,6774647,0.160
P,2022-12-22T18:49:28.560000Z,6776856,0.381
P,2022-12-22T18:49:51.710000Z,6779171,0.242
P,2022-12-22T18:50:17.600000Z,6781760,0.129
P,2022-12-22T18:52:33.530000Z,6795353,0.189
P,2022-12-22T18:52:39.600000Z,6795960,0.119
P,2022-12-22T18:56:26.570000Z,6818657,0.342
P,2022-12-22T18:57:17.530000Z,6823753,0.495
P,2022-12-22T18:58:56.030000Z,6833603,0.133
P,2022-12-22T19:00:01.020000Z,6840102,0.204
P,2022-12-22T19:02:41.560000Z,6856156,0.258
P,2022-12-22T19:02:51.720000Z,6857172,0.155
P,2022-12-22T19:02:59.840000Z,6857984,0.161
P,2022-12-22T19:03:31.930000Z,6861193,0.289
P,2022-12-22T19:03:41.750000Z,6862175,0.361
P,2022-12-22T19:03:46.130000Z,6862613,0.124
P,2022-12-22T19:04:09.840000Z,6864984,0.184
P,2022-12-22T19:04:12.400000Z,6865240,0.190
P,2022-12-22T19:04:16.530000Z,6865653,0.567
P,2022-12-22T19:04:41.120000Z,6868112,0.393
P,2022-12-22T19:04:52.220000Z,6869222,0.125
P,2022-12-22T19:05:02.480000Z,6870248,0.159
P,2022-12-22T19:05:07.860000Z,6870786,0.181
P,2022-12-22T19:05:23.790000Z,6872379,0.223
P,2022-12-22T19:05:48.140000Z,6874814,0.265
P,2022-12-22T19:06:12.020000Z,6877202,0.316
P,2022-12-22T19:06:55.490000Z,6881549,0.300
P,2022-12-22T19:07:33.730000Z,6885373,0.140
P,2022-12-22T19:08:00.150000Z,6888015,0.180
P,2022-12-22T19:08:11.260000Z,6889126,0.267
P,2022-12-22T19:08:21.280000Z,6890128,0.149
P,2022-12-22T19:09:03.770000Z,6894377,0.314
P,2022-12-22T19:09:16.020000Z,6895602,0.215
P,2022-12-22T19:09:34.810000Z,6897481,0.163
P,2022-12-22T19:09:49.210000Z,6898921,0.194
P,2022-12-22T19:09:54.910000Z,6899491,0.370
P,2022-12-22T19:10:09.300000Z,6900930,0.105
P,2022-12-22T19:10:36.190000Z,6903619,0.142
P,2022-12-22T19:10:44.270000Z,6904427,0.114
P,2022-12-22T19:11:06.860000Z,6906686,0.310
P,2022-12-22T19:11:22.130000Z,6908213,0.109
P,2022-12-22T19:11:29.030000Z,6908903,0.122
P,2022-12-22T19:11:33.160000Z,6909316,0.132
P,2022-12-22T19:17:04.220000Z,6942422,0.115
P,2022-12-22T19:17:34.080000Z,6945408,0.121
P,2022-12-22T19:19:57.990000Z,6959799,0.162
P,2022-12-22T19:22:45.720000Z,6976572,0.160
P,2022-12-22T19:23:12.610000Z,6979261,0.136
P,2022-12-22T19:24:03.490000Z,6984349,0.116
P,2022-12-22T19:25:28.560000Z,6992856,0.126
P,2022-12-22T19:25:46.740000Z,6994674,0.102
P,2022-12-22T19:26:11.570000Z,6997157,0.108
P,2022-12-22T19:27:31.010000Z,7005101,0.173
P,2022-12-22T19:28:46.010000Z,7012601,0.383
P,2022-12-22T19:30:16.260000Z,7021626,0.145
P,2022-12-22T19:30:46.050000Z,7024605,0.111
P,2022-12-22T19:30:48.020000Z,7024802,0.103
P,2022-12-22T19:31:10.220000Z,7027022,0.440
P,2022-12-22T19:31:11.960000Z,7027196,0.181
P,2022-12-22T19:31:16.060000Z,7027606,0.124
P,2022-12-22T19:31:44.700000Z,7030470,0.248
P,2022-12-22T19:31:53.430000Z,7031343,0.130
P,2022-12-22T19:32:10.400000Z,7033040,0.268
P,2022-12-22T19:32:27.190000Z,7034719,0.238
P,2022-12-22T19:32:37.350000Z,7035735,0.239
P,2022-12-22T19:32:45.210000Z,7036521,0.131
P,2022-12-22T19:33:44.420000Z,7042442,0.371
P,2022-12-22T19:33:53.940000Z,7043394,0.851
P,2022-12-22T19:35:35.510000Z,7053551,0.325
P,2022-12-22T19:35:54.640000Z,7055464,0.307
P,2022-12-22T19:36:04.990000Z,7056499,0.398
P,2022-12-22T19:36:07.270000Z,7056727,0.152
P,2022-12-22T19:37:35.220000Z,7065522,0.143
P,2022-12-22T19:37:38.010000Z,7065801,0.152
P,2022-12-22T19:38:18.920000Z,7069892,0.344
P,2022-12-22T19:38:27.810000Z,7070781,0.422
P,2022-12-22T19:38:31.790000Z,7071179,0.109
P,2022-12-22T19:38:41.580000Z,7072158,0.164
P,2022-12-22T19:38:52.610000Z,7073261,0.353
P,2022-12-22T19:38:59.190000Z,7073919,0.291
P,2022-12-22T19:39:07.970000Z,7074797,0.121
P,2022-12-22T19:39:15.490000Z,7075549,0.153
P,2022-12-22T19:39:37.340000Z,7077734,0.250
P,2022-12-22T19:43:24.380000Z,7100438,0.136
P,2022-12-22T19:44:45.450000Z,7108545,0.289
P,2022-12-22T19:44:47.040000Z,7108704,0.171
P,2022-12-22T19:45:21.700000Z,7112170,0.438
P,2022-12-22T19:45:56.100000Z,7115610,0.721
P,2022-12-22T19:46:27.870000Z,7118787,0.160
P,2022-12-22T19:46:46.610000Z,7120661,0.170
P,2022-12-22T19:47:55.840000Z,7127584,0.103
P,2022-12-22T19:49:37.540000Z,7137754,0.181
P,2022-12-22T19:52:09.830000Z,7152983,0.191
P,2022-12-22T19:53:30.090000Z,7161009,0.188
P,2022-12-22T19:57:18.250000Z,7183825,0.130
P,2022-12-22T19:58:06.430000Z,7188643,0.124
P,2022-12-22T19:58:35.640000Z,7191564,0.150
P,2022-12-22T20:00:31.050000Z,7203105,0.122
P,2022-12-22T20:01:12.420000Z,7207242,0.156
P,2022-12-22T20:01:22.440000Z,7208244,0.217
P,2022-12-22T20:01:27.550000Z,7208755,0.580
P,2022-12-22T20:01:43.750000Z,7210375,0.139
P,2022-12-22T20:01:49.520000Z,7210952,0.614
P,2022-12-22T20:01:51.370000Z,7211137,0.414
P,2022-12-22T20:03:49.720000Z,7222972,0.101
P,2022-12-22T20:03:57.270000Z,7223727,0.156
P,2022-12-22T20:05:59.940000Z,7235994,0.261
P,2022-12-22T20:08:42.740000Z,7252274,0.116
P,2022-12-22T20:14:50.310000Z,7289031,0.248
P,2022-12-22T20:15:20.700000Z,7292070,0.193
P,2022-12-22T20:15:32.460000Z,7293246,0.118
P,2022-12-22T20:16:00.220000Z,7296022,0.113
P,2022-12-22T20:17:46.760000Z,7306676,0.112
P,2022-12-22T20:18:33.270000Z,7311327,0.172
P,2022-12-22T20:19:58.070000Z,7319807,0.114
P,2022-12-22T20:22:56.350000Z,7337635,0.176
P,2022-12-22T20:23:08.910000Z,7338891,0.131
P,2022-12-22T20:23:15.950000Z,7339595,0.114
P,2022-12-22T20:26:27.100000Z,7358710,0.128
P,2022-12-22T20:28:38.010000Z,7371801,0.143
P,2022-12-22T20:29:42.750000Z,7378275,0.180
P,2022-12-22T20:34:58.710000Z,7409871,0.701
P,2022-12-22T20:35:08.700000Z,7410870,0.832
P,2022-12-22T20:35:10.430000Z,7411043,0.306
P,2022-12-22T20:35:27.000000Z,7412700,0.114
P,2022-12-22T20:35:34.450000Z,7413445,0.199
P,2022-12-22T20:35:45.520000Z,7414552,0.128
P,2022-12-22T20:35:59.040000Z,7415904,0.201
P,2022-12-22T20:46:43.550000Z,7480355,0.155
P,2022-12-22T20:52:30.810000Z,7515081,0.181
P,2022-12-22T20:54:39.480000Z,7527948,0.130
P,2022-12-22T20:55:24.030000Z,7532403,0.216
P,2022-12-22T20:56:19.410000Z,7537941,0.105
P,2022-12-22T20:56:20.880000Z,7538088,0.163
P,2022-12-22T20:56:28.990000Z,7538899,0.187
P,2022-12-22T20:56:44.810000Z,7540481,0.179
P,2022-12-22T20:57:13.290000Z,7543329,0.230
P,2022-12-22T20:57:22.660000Z,7544266,0.117
P,2022-12-22T20:58:30.370000Z,7551037,0.144
P,2022-12-22T21:00:08.710000Z,7560871,0.270
P,2022-12-22T21:00:30.210000Z,7563021,0.609
P,2022-12-22T21:01:33.370000Z,7569337,0.122
P,2022-12-22T21:01:42.560000Z,7570256,0.132
P,2022-12-22T21:02:39.490000Z,7575949,0.124
P,2022-12-22T21:02:58.770000Z,7577877,0.357
P,2022-12-22T21:03:16.000000Z,7579600,0.758
P,2022-12-22T21:03:36.820000Z,7581682,0.264
P,2022-12-22T21:03:44.900000Z,7582490,0.612
P,2022-12-22T21:04:23.750000Z,7586375,0.128
P,2022-12-22T21:05:24.420000Z,7592442,0.289
P,2022-12-22T21:05:35.870000Z,7593587,0.227
P,2022-12-22T21:05:39.120000Z,7593912,0.120
P,2022-12-22T21:06:00.270000Z,7596027,0.115
P,2022-12-22T21:06:03.100000Z,7596310,0.173
P,2022-12-22T21:07:14.060000Z,7603406,0.113
P,2022-12-22T21:07:20.280000Z,7604028,0.107
P,2022-12-22T21:07:59.110000Z,7607911,0.104
P,2022-12-22T21:08:02.640000Z,7608264,0.159
P,2022-12-22T21:08:05.280000Z,7608528,0.393
P,2022-12-22T21:08:19.040000Z,7609904,0.211
P,2022-12-22T21:08:30.820000Z,7611082,0.341
P,2022-12-22T21:08:50.640000Z,7613064,0.165
P,2022-12-22T21:08:55.060000Z,7613506,0.154
P,2022-12-22T21:09:00.980000Z,7614098,0.651
P,2022-12-22T21:09:14.500000Z,7615450,0.123
P,2022-12-22T21:09:17.280000Z,7615728,0.765
P,2022-12-22T21:09:25.010000Z,7616501,0.461
P,2022-12-22T21:09:33.880000Z,7617388,0.611
P,2022-12-22T21:09:40.850000Z,7618085,0.540
P,2022-12-22T21:10:27.640000Z,7622764,0.132
P,2022-12-22T21:12:02.320000Z,7632232,0.105
P,2022-12-22T21:13:04.250000Z,7638425,0.148
P,2022-12-22T21:13:11.150000Z,7639115,0.108
P,2022-12-22T21:13:46.270000Z,7642627,0.101
P,2022-12-22T21:15:00.940000Z,7650094,0.118
P,2022-12-22T21:17:07.110000Z,7662711,0.115
P,2022-12-22T21:17:21.610000Z,7664161,0.343
P,2022-12-22T21:20:33.320000Z,7683332,0.379
P,2022-12-22T21:24:03.490000Z,7704349,0.117
P,2022-12-22T21:25:01.460000Z,7710146,0.117
P,2022-12-22T21:25:09.230000Z,7710923,0.176
P,2022-12-22T21:25:16.430000Z,7711643,0.679
P,2022-12-22T21:29:41.530000Z,7738153,0.199
P,2022-12-22T21:32:12.000000Z,7753200,0.163
P,2022-12-22T21:32:51.300000Z,7757130,0.124
P,2022-12-22T21:34:21.470000Z,7766147,0.100
P,2022-12-22T21:37:57.170000Z,7787717,0.116
P,2022-12-22T21:39:49.020000Z,7798902,0.223
P,2022-12-22T21:42:04.840000Z,7812484,0.156
P,2022-12-22T21:42:20.670000Z,7814067,0.119
P,2022-12-22T21:42:31.970000Z,7815197,0.101
P,2022-12-22T21:43:09.820000Z,7818982,0.134
P,2022-12-22T21:54:10.770000Z,7885077,0.128
P,2022-12-22T21:57:44.740000Z,7906474,0.126
P,2022-12-22T22:05:10.250000Z,7951025,0.102
P,2022-12-22T22:05:39.150000Z,7953915,0.101
P,2022-12-22T22:07:41.820000Z,7966182,0.154
P,2022-12-22T22:23:34.690000Z,8061469,0.120
P,2022-12-22T22:24:00.330000Z,8064033,0.180
P,2022-12-22T22:24:48.570000Z,8068857,0.121
P,2022-12-22T22:25:15.940000Z,8071594,0.292
P,2022-12-22T22:25:25.620000Z,8072562,0.314
P,2022-12-22T22:25:51.960000Z,8075196,0.106
P,2022-12-22T22:26:00.120000Z,8076012,0.559
P,2022-12-22T22:26:02.520000Z,8076252,0.109
P,2022-12-22T22:26:19.960000Z,8077996,0.207
P,2022-12-22T22:26:26.670000Z,8078667,0.204
P,2022-12-22T22:26:28.220000Z,8078822,0.241
P,2022-12-22T22:26:55.090000Z,8081509,0.185
P,2022-12-22T22:27:21.100000Z,8084110,0.160
P,2022-12-22T22:27:39.270000Z,8085927,0.197
P,2022-12-22T22:27:51.330000Z,8087133,0.116
P,2022-12-22T22:28:40.770000Z,8092077,0.757
P,2022-12-22T22:29:17.920000Z,8095792,0.193
P,2022-12-22T22:29:30.410000Z,8097041,0.166
P,2022-12-22T22:29:34.970000Z,8097497,0.154
P,2022-12-22T22:29:53.870000Z,8099387,0.112
P,2022-12-22T22:29:58.280000Z,8099828,0.114
P,2022-12-22T22:30:03.290000Z,8100329,0.154
P,2022-12-22T22:30:48.210000Z,8104821,0.276
P,2022-12-22T22:30:50.470000Z,8105047,0.121
P,2022-12-22T22:30:58.140000Z,8105814,0.440
P,2022-12-22T22:31:26.910000Z,8108691,0.138
P,2022-12-22T22:31:41.860000Z,8110186,0.376
P,2022-12-22T22:32:27.270000Z,8114727,0.116
P,2022-12-22T22:33:09.110000Z,8118911,0.163
P,2022-12-22T22:33:38.740000Z,8121874,0.103
P,2022-12-22T22:34:07.940000Z,8124794,0.107
P,2022-12-22T22:34:15.320000Z,8125532,0.150
P,2022-12-22T22:35:39.590000Z,8133959,0.153
P,2022-12-22T22:35:48.530000Z,8134853,0.104
P,2022-12-22T22:35:52.170000Z,8135217,0.266
P,2022-12-22T22:35:54.440000Z,8135444,0.130
P,2022-12-22T22:36:32.720000Z,8139272,0.151
P,2022-12-22T22:36:34.330000Z,8139433,0.341
P,2022-12-22T22:36:41.850000Z,8140185,0.396
P,2022-12-22T22:36:57.140000Z,8141714,0.188
P,2022-12-22T22:37:28.270000Z,8144827,0.145
P,2022-12-22T22:37:55.470000Z,8147547,0.190
P,2022-12-22T22:38:34.040000Z,8151404,0.317
P,2022-12-22T22:38:59.090000Z,8153909,0.152
P,2022-12-22T22:39:01.010000Z,8154101,0.555
P,2022-12-22T22:39:29.910000Z,8156991,0.143
P,2022-12-22T22:39:33.420000Z,8157342,0.281
P,2022-12-22T22:39:57.850000Z,8159785,0.321
P,2022-12-22T22:40:06.830000Z,8160683,0.125
P,2022-12-22T22:40:49.120000Z,8164912,0.136
P,2022-12-22T22:40:52.170000Z,8165217,0.142
P,2022-12-22T22:40:55.150000Z,8165515,0.175
P,2022-12-22T22:41:00.580000Z,8166058,0.118
P,2022-12-22T22:41:01.950000Z,8166195,0.293
P,2022-12-22T22:41:04.250000Z,8166425,0.192
P,2022-12-22T22:41:06.080000Z,8166608,0.152
P,2022-12-22T22:41:38.480000Z,8169848,0.105
P,2022-12-22T22:41:40.900000Z,8170090,0.102
P,2022-12-22T22:42:03.150000Z,8172315,0.197
P,2022-12-22T22:42:06.510000Z,8172651,0.107
P,2022-12-22T22:42:14.090000Z,8173409,0.319
P,2022-12-22T22:42:16.440000Z,8173644,0.174
P,2022-12-22T22:42:28.950000Z,8174895,0.499
P,2022-12-22T22:42:39.080000Z,8175908,0.149
P,2022-12-22T22:43:01.720000Z,8178172,0.156
P,2022-12-22T22:44:09.280000Z,8184928,0.116
P,2022-12-22T22:44:11.040000Z,8185104,0.150
P,2022-12-22T22:44:20.300000Z,8186030,0.140
P,2022-12-22T22:44:35.660000Z,8187566,0.207
P,2022-12-22T22:44:38.740000Z,8187874,0.105
P,2022-12-22T22:44:40.560000Z,8188056,0.161
P,2022-12-22T22:44:42.380000Z,8188238,0.297
P,2022-12-22T22:46:02.850000Z,8196285,0.106
P,2022-12-22T22:46:13.260000Z,8197326,0.235
P,2022-12-22T22:47:12.530000Z,8203253,0.107
P,2022-12-22T22:47:31.270000Z,8205127,0.210
P,2022-12-22T22:47:43.030000Z,8206303,0.123
P,2022-12-22T22:47:44.720000Z,8206472,0.104
P,2022-12-22T22:47:55.990000Z,8207599,0.225
P,2022-12-22T22:48:23.600000Z,8210360,0.104
P,2022-12-22T22:48:33.620000Z,8211362,0.103
P,2022-12-22T22:48:42.700000Z,8212270,0.146
P,2022-12-22T22:48:53.940000Z,8213394,0.105
P,2022-12-22T22:50:29.010000Z,8222901,0.187
P,2022-12-22T22:50:55.570000Z,8225557,0.342
P,2022-12-22T22:51:51.760000Z,8231176,0.203
P,2022-12-22T22:52:57.200000Z,8237720,0.140
P,2022-12-22T22:54:09.620000Z,8244962,0.104
P,2022-12-22T22:54:39.810000Z,8247981,0.224
P,2022-12-22T22:54:45.720000Z,8248572,0.278
P,2022-12-22T22:55:33.750000Z,8253375,0.191
P,2022-12-22T22:57:18.180000Z,8263818,0.173
P,2022-12-22T22:57:41.140000Z,8266114,0.112
P,2022-12-22T22:58:19.550000Z,8269955,0.118
P,2022-12-22T22:58:25.720000Z,8270572,0.228
P,2022-12-22T22:59:07.340000Z,8274734,0.159
P,2022-12-22T22:59:24.440000Z,8276444,0.118
P,2022-12-22T23:00:08.210000Z,8280821,0.113
P,2022-12-22T23:00:46.650000Z,8284665,0.179
P,2022-12-22T23:01:37.250000Z,8289725,0.140
P,2022-12-22T23:01:48.740000Z,8290874,0.285
P,2022-12-22T23:01:58.590000Z,8291859,0.221
P,2022-12-22T23:02:57.540000Z,8297754,0.137
P,2022-12-22T23:03:06.460000Z,8298646,0.115
P,2022-12-22T23:04:00.240000Z,8304024,0.210
P,2022-12-22T23:04:03.110000Z,8304311,0.147
P,2022-12-22T23:05:04.730000Z,8310473,0.157
P,2022-12-22T23:06:18.360000Z,8317836,0.100
P,2022-12-22T23:06:33.740000Z,8319374,0.214
P,2022-12-22T23:08:56.700000Z,8333670,0.113
P,2022-12-22T23:10:41.070000Z,8344107,0.113
P,2022-12-22T23:10:44.610000Z,8344461,0.168
P,2022-12-22T23:11:07.260000Z,8346726,0.142
P,2022-12-22T23:11:44.470000Z,8350447,0.158
P,2022-12-22T23:14:38.120000Z,8367812,0.110
P,2022-12-22T23:14:52.620000Z,8369262,0.115
P,2022-12-22T23:16:26.430000Z,8378643,0.117
P,2022-12-22T23:17:44.910000Z,8386491,0.438
P,2022-12-22T23:18:01.970000Z,8388197,0.141
P,2022-12-22T23:18:48.750000Z,8392875,0.147
P,2022-12-22T23:19:55.020000Z,8399502,0.111
P,2022-12-22T23:21:10.980000Z,8407098,0.131
P,2022-12-22T23:21:55.140000Z,8411514,0.140
P,2022-12-22T23:22:25.850000Z,8414585,0.107
P,2022-12-22T23:23:00.700000Z,8418070,0.236
P,2022-12-22T23:23:03.800000Z,8418380,0.173
P,2022-12-22T23:23:38.150000Z,8421815,0.106
P,2022-12-22T23:23:47.250000Z,8422725,0.230
P,2022-12-22T23:23:58.780000Z,8423878,0.108
P,2022-12-22T23:25:23.860000Z,8432386,0.147
P,2022-12-22T23:27:16.070000Z,8443607,0.390
P,2022-12-22T23:28:56.580000Z,8453658,0.123
P,2022-12-22T23:29:19.480000Z,8455948,0.651
P,2022-12-22T23:29:54.590000Z,8459459,0.219
P,2022-12-22T23:31:52.700000Z,8471270,0.113
P,2022-12-22T23:32:22.550000Z,8474255,0.296
P,2022-12-22T23:33:08.330000Z,8478833,0.140
P,2022-12-22T23:33:13.520000Z,8479352,0.193
P,2022-12-22T23:33:28.960000Z,8480896,0.123
P,2022-12-22T23:34:07.390000Z,8484739,0.613
P,2022-12-22T23:37:40.940000Z,8506094,0.149
P,2022-12-22T23:41:31.370000Z,8529137,0.144
P,2022-12-22T23:41:38.190000Z,8529819,0.136
P,2022-12-22T23:41:56.260000Z,8531626,0.114
P,2022-12-22T23:42:35.020000Z,8535502,0.251
P,2022-12-22T23:43:40.900000Z,8542090,0.149
P,2022-12-22T23:44:01.440000Z,8544144,0.186
P,2022-12-22T23:51:27.420000Z,8588742,0.554
P,2022-12-22T23:51:31.360000Z,8589136,0.313
P,2022-12-22T23:51:36.140000Z,8589614,0.241
P,2022-12-22T23:51:39.450000Z,8589945,0.272
P,2022-12-22T23:51:42.710000Z,8590271,0.265
P,2022-12-22T23:52:01.710000Z,8592171,0.503
P,2022-12-22T23:52:08.550000Z,8592855,0.399
P,2022-12-22T23:52:11.430000Z,8593143,0.230
P,2022-12-22T23:52:15.750000Z,8593575,0.400
P,2022-12-22T23:52:54.780000Z,8597478,0.141
P,2022-12-22T23:53:43.970000Z,8602397,0.236
P,2022-12-22T23:53:59.950000Z,8603995,0.320
P,2022-12-22T23:58:50.660000Z,8633066,0.120
P,2022-12-22T23:59:54.280000Z,8639428,0.434
S,2022-12-22T00:15:15.670000Z,91567,0.162
S,2022-12-22T00:15:43.390000Z,94339,0.256
S,2022-12-22T00:16:12.900000Z,97290,0.160
S,2022-12-22T00:16:51.400000Z,101140,0.212
S,2022-12-22T00:18:00.350000Z,108035,0.124
S,2022-12-22T00:18:03.690000Z,108369,0.219
S,2022-12-22T00:18:32.940000Z,111294,0.358
S,2022-12-22T00:19:06.410000Z,114641,0.154
S,2022-12-22T00:21:49.080000Z,130908,0.117
S,2022-12-22T00:25:09.920000Z,150992,0.198
S,2022-12-22T00:26:11.780000Z,157178,0.101
S,2022-12-22T00:26:22.330000Z,158233,0.619
S,2022-12-22T00:26:28.370000Z,158837,0.148
S,2022-12-22T00:26:43.390000Z,160339,0.309
S,2022-12-22T00:26:52.180000Z,161218,0.160
S,2022-12-22T00:27:05.350000Z,162535,0.172
S,2022-12-22T00:28:21.490000Z,170149,0.351
S,2022-12-22T00:28:32.660000Z,171266,0.156
S,2022-12-22T00:29:00.570000Z,174057,0.219
S,2022-12-22T00:30:39.750000Z,183975,0.327
S,2022-12-22T00:30:46.400000Z,184640,0.169
S,2022-12-22T00:31:30.620000Z,189062,0.297
S,2022-12-22T00:32:08.650000Z,192865,0.248
S,2022-12-22T00:32:30.660000Z,195066,0.401
S,2022-12-22T00:32:48.780000Z,196878,0.440
S,2022-12-22T00:33:07.680000Z,198768,0.203
S,2022-12-22T00:33:09.630000Z,198963,0.153
S,2022-12-22T00:33:17.240000Z,199724,0.133
S,2022-12-22T00:33:52.280000Z,203228,0.105
S,2022-12-22T00:34:28.340000Z,206834,0.123
S,2022-12-22T00:34:45.500000Z,208550,0.131
S,2022-12-22T00:36:48.610000Z,220861,0.144
S,2022-12-22T00:37:28.190000Z,224819,0.143
S,2022-12-22T00:37:57.250000Z,227725,0.154
S,2022-12-22T00:38:10.460000Z,229046,0.131
S,2022-12-22T00:38:54.780000Z,233478,0.115
S,2022-12-22T00:39:31.330000Z,237133,0.185
S,2022-12-22T00:39:57.040000Z,239704,0.113
S,2022-12-22T00:40:28.090000Z,242809,0.359
S,2022-12-22T00:42:21.650000Z,254165,0.315
S,2022-12-22T00:45:43.970000Z,274397,0.272
S,2022-12-22T00:46:26.050000Z,278605,0.188
S,2022-12-22T00:46:27.320000Z,278732,0.381
S,2022-12-22T00:46:39.100000Z,279910,0.438
S,2022-12-22T00:46:44.220000Z,280422,0.136
S,2022-12-22T00:46:52.630000Z,281263,0.142
S,2022-12-22T00:47:10.760000Z,283076,0.552
S,2022-12-22T00:47:23.450000Z,284345,0.186
S,2022-12-22T00:47:48.050000Z,286805,0.300
S,2022-12-22T00:47:49.810000Z,286981,0.338
S,2022-12-22T00:48:27.760000Z,290776,0.584
S,2022-12-22T00:48:38.980000Z,291898,0.475
S,2022-12-22T00:48:42.550000Z,292255,0.140
S,2022-12-22T00:48:50.230000Z,293023,0.112
S,2022-12-22T00:48:56.800000Z,293680,0.105
S,2022-12-22T00:49:09.410000Z,294941,0.161
S,2022-12-22T00:49:44.360000Z,298436,0.101
S,2022-12-22T00:50:02.980000Z,300298,0.293
S,2022-12-22T00:50:39.710000Z,303971,0.112
S,2022-12-22T00:50:43.420000Z,304342,0.104
S,2022-12-22T00:51:46.810000Z,310681,0.287
S,2022-12-22T00:51:57.770000Z,311777,0.322
S,2022-12-22T00:52:01.030000Z,312103,0.292
S,2022-12-22T00:53:11.720000Z,319172,0.187
S,2022-12-22T00:54:08.100000Z,324810,0.138
S,2022-12-22T00:54:14.530000Z,325453,0.438
S,2022-12-22T00:54:56.310000Z,329631,0.345
S,2022-12-22T00:54:57.980000Z,329798,0.108
S,2022-12-22T00:58:35.020000Z,351502,0.163
S,2022-12-22T00:58:39.750000Z,351975,0.222
S,2022-12-22T00:58:59.020000Z,353902,0.276
S,2022-12-22T00:59:21.070000Z,356107,0.170
S,2022-12-22T01:00:39.890000Z,363989,0.607
S,2022-12-22T01:00:57.460000Z,365746,0.225
S,2022-12-22T01:02:23.670000Z,374367,0.120
S,2022-12-22T01:02:25.890000Z,374589,0.223
S,2022-12-22T01:02:30.380000Z,375038,0.206
S,2022-12-22T01:02:35.540000Z,375554,0.217
S,2022-12-22T01:03:55.600000Z,383560,0.339
S,2022-12-22T01:04:27.520000Z,386752,0.280
S,2022-12-22T01:04:32.560000Z,387256,0.573
S,2022-12-22T01:07:13.800000Z,403380,0.243
S,2022-12-22T01:08:20.700000Z,410070,0.168
S,2022-12-22T01:08:47.310000Z,412731,0.155
S,2022-12-22T01:09:45.080000Z,418508,0.219
S,2022-12-22T01:10:58.330000Z,425833,0.198
S,2022-12-22T01:13:51.870000Z,443187,0.660
S,2022-12-22T01:14:05.700000Z,444570,0.205
S,2022-12-22T01:15:10.170000Z,451017,0.361
S,2022-12-22T01:18:26.210000Z,470621,0.275
S,2022-12-22T01:18:58.110000Z,473811,0.229
S,2022-12-22T01:20:11.650000Z,481165,0.119
S,2022-12-22T01:21:01.610000Z,486161,0.109
S,2022-12-22T01:21:48.760000Z,490876,0.584
S,2022-12-22T01:21:55.640000Z,491564,0.181
S,2022-12-22T01:25:08.080000Z,510808,0.195
S,2022-12-22T01:27:00.340000Z,522034,0.245
S,2022-12-22T01:27:24.420000Z,524442,0.344
S,2022-12-22T01:28:31.760000Z,531176,0.304
S,2022-12-22T01:29:17.520000Z,535752,0.106
S,2022-12-22T01:31:06.840000Z,546684,0.121
S,2022-12-22T01:32:00.580000Z,552058,0.194
S,2022-12-22T01:32:34.170000Z,555417,0.644
S,2022-12-22T01:33:07.830000Z,558783,0.334
S,2022-12-22T01:33:09.950000Z,558995,0.199
S,2022-12-22T01:35:01.900000Z,570190,0.135
S,2022-12-22T01:35:47.270000Z,574727,0.261
S,2022-12-22T01:35:52.820000Z,575282,0.178
S,2022-12-22T01:36:55.770000Z,581577,0.530
S,2022-12-22T01:37:03.880000Z,582388,0.211
S,2022-12-22T01:37:05.600000Z,582560,0.297
S,2022-12-22T01:37:09.150000Z,582915,0.128
S,2022-12-22T01:37:17.460000Z,583746,0.187
S,2022-12-22T01:37:19.950000Z,583995,0.120
S,2022-12-22T01:37:43.130000Z,586313,0.395
S,2022-12-22T01:38:01.960000Z,588196,0.166
S,2022-12-22T01:53:16.930000Z,679693,0.103
S,2022-12-22T02:05:13.710000Z,751371,0.201
S,2022-12-22T02:41:54.040000Z,971404,0.160
S,2022-12-22T02:43:53.520000Z,983352,0.114
S,2022-12-22T02:53:56.190000Z,1043619,0.157
S,2022-12-22T03:03:21.100000Z,1100110,0.278
S,2022-12-22T03:08:22.460000Z,1130246,0.210
S,2022-12-22T03:11:55.410000Z,1151541,0.233
S,2022-12-22T03:11:58.920000Z,1151892,0.850
S,2022-12-22T03:12:03.530000Z,1152353,0.502
S,2022-12-22T03:12:16.740000Z,1153674,0.196
S,2022-12-22T03:14:46.780000Z,1168678,0.577
S,2022-12-22T03:18:53.580000Z,1193358,0.149
S,2022-12-22T03:20:37.910000Z,1203791,0.144
S,2022-12-22T03:22:44.450000Z,1216445,0.165
S,2022-12-22T03:26:10.100000Z,1237010,0.117
S,2022-12-22T03:34:24.940000Z,1286494,0.128
S,2022-12-22T03:36:03.210000Z,1296321,0.472
S,2022-12-22T03:38:54.590000Z,1313459,0.102
S,2022-12-22T03:39:00.750000Z,1314075,0.287
S,2022-12-22T03:45:13.790000Z,1351379,0.754
S,2022-12-22T03:57:48.830000Z,1426883,0.103
S,2022-12-22T04:01:26.680000Z,1448668,0.182
S,2022-12-22T04:07:39.230000Z,1485923,0.628
S,2022-12-22T04:08:16.330000Z,1489633,0.857
S,2022-12-22T04:14:55.720000Z,1529572,0.124
S,2022-12-22T04:25:52.690000Z,1595269,0.170
S,2022-12-22T04:26:16.050000Z,1597605,0.139
S,2022-12-22T04:29:07.620000Z,1614762,0.626
S,2022-12-22T04:31:20.710000Z,1628071,0.656
S,2022-12-22T04:31:35.970000Z,1629597,0.178
S,2022-12-22T04:32:14.570000Z,1633457,0.399
S,2022-12-22T04:32:18.340000Z,1633834,0.162
S,2022-12-22T04:35:24.080000Z,1652408,0.122
S,2022-12-22T04:37:05.530000Z,1662553,0.274
S,2022-12-22T04:37:46.880000Z,1666688,0.216
S,2022-12-22T04:57:05.510000Z,1782551,0.115
S,2022-12-22T05:02:51.560000Z,1817156,0.455
S,2022-12-22T05:05:36.100000Z,1833610,0.115
S,2022-12-22T05:06:33.010000Z,1839301,0.115
S,2022-12-22T05:09:04.910000Z,1854491,0.288
S,2022-12-22T05:14:31.220000Z,1887122,0.134
S,2022-12-22T05:23:18.630000Z,1939863,0.119
S,2022-12-22T05:23:50.850000Z,1943085,0.148
S,2022-12-22T05:23:55.520000Z,1943552,0.160
S,2022-12-22T05:25:05.830000Z,1950583,0.142
S,2022-12-22T05:25:12.510000Z,1951251,0.114
S,2022-12-22T05:25:21.880000Z,1952188,0.135
S,2022-12-22T05:28:17.290000Z,1969729,0.116
S,2022-12-22T05:32:04.890000Z,1992489,0.287
S,2022-12-22T05:37:29.870000Z,2024987,0.177
S,2022-12-22T05:38:19.490000Z,2029949,0.251
S,2022-12-22T05:42:54.160000Z,2057416,0.577
S,2022-12-22T05:44:33.420000Z,2067342,0.231
S,2022-12-22T05:51:12.770000Z,2107277,0.203
S,2022-12-22T05:52:09.530000Z,2112953,0.213
S,2022-12-22T06:00:44.400000Z,2164440,0.634
S,2022-12-22T06:03:07.250000Z,2178725,0.167
S,2022-12-22T06:05:49.800000Z,2194980,0.150
S,2022-12-22T06:09:44.080000Z,2218408,0.259
S,2022-12-22T06:13:06.570000Z,2238657,0.138
S,2022-12-22T06:13:27.550000Z,2240755,0.526
S,2022-12-22T06:13:55.750000Z,2243575,0.166
S,2022-12-22T06:14:06.090000Z,2244609,0.527
S,2022-12-22T06:22:41.320000Z,2296132,0.490
S,2022-12-22T06:23:56.250000Z,2303625,0.111
S,2022-12-22T06:27:44.080000Z,2326408,0.166
S,2022-12-22T06:29:21.640000Z,2336164,0.512
S,2022-12-22T06:39:33.870000Z,2397387,0.867
S,2022-12-22T06:42:06.510000Z,2412651,0.195
S,2022-12-22T06:44:07.830000Z,2424783,0.236
S,2022-12-22T06:45:28.750000Z,2432875,0.139
S,2022-12-22T06:45:40.970000Z,2434097,0.291
S,2022-12-22T06:47:06.070000Z,2442607,0.328
S,2022-12-22T06:58:27.670000Z,2510767,0.691
S,2022-12-22T06:58:58.390000Z,2513839,0.503
S,2022-12-22T06:59:07.280000Z,2514728,0.220
S,2022-12-22T07:02:36.220000Z,2535622,0.256
S,2022-12-22T07:04:20.490000Z,2546049,0.658
S,2022-12-22T07:07:11.000000Z,2563100,0.333
S,2022-12-22T07:09:18.680000Z,2575868,0.179
S,2022-12-22T07:10:21.830000Z,2582183,0.115
S,2022-12-22T07:11:04.220000Z,2586422,0.690
S,2022-12-22T07:11:48.160000Z,2590816,0.166
S,2022-12-22T07:12:25.560000Z,2594556,0.295
S,2022-12-22T07:13:54.360000Z,2603436,0.413
S,2022-12-22T07:14:39.750000Z,2607975,0.592
S,2022-12-22T07:15:32.620000Z,2613262,0.561
S,2022-12-22T07:17:14.190000Z,2623419,0.173
S,2022-12-22T07:17:35.550000Z,2625555,0.352
S,2022-12-22T07:18:19.460000Z,2629946,0.422
S,2022-12-22T07:18:21.500000Z,2630150,0.159
S,2022-12-22T07:19:47.540000Z,2638754,0.104
S,2022-12-22T07:20:12.120000Z,2641212,0.222
S,2022-12-22T07:22:03.160000Z,2652316,0.147
S,2022-12-22T07:25:48.850000Z,2674885,0.161
S,2022-12-22T07:25:56.290000Z,2675629,0.123
S,2022-12-22T07:28:06.730000Z,2688673,0.240
S,2022-12-22T07:28:12.570000Z,2689257,0.129
S,2022-12-22T07:28:15.700000Z,2689570,0.308
S,2022-12-22T07:30:02.730000Z,2700273,0.141
S,2022-12-22T07:34:10.530000Z,2725053,0.119
S,2022-12-22T07:35:06.720000Z,2730672,0.209
S,2022-12-22T07:36:21.070000Z,2738107,0.889
S,2022-12-22T07:38:00.760000Z,2748076,0.111
S,2022-12-22T07:40:27.110000Z,2762711,0.178
S,2022-12-22T07:40:42.790000Z,2764279,0.134
S,2022-12-22T07:42:09.230000Z,2772923,0.111
S,2022-12-22T07:42:28.660000Z,2774866,0.159
S,2022-12-22T07:44:03.770000Z,2784377,0.138
S,2022-12-22T07:44:46.300000Z,2788630,0.321
S,2022-12-22T07:44:56.250000Z,2789625,0.246
S,2022-12-22T07:45:03.870000Z,2790387,0.297
S,2022-12-22T07:46:19.410000Z,2797941,0.112
S,2022-12-22T07:49:49.640000Z,2818964,0.104
S,2022-12-22T07:50:05.810000Z,2820581,0.265
S,2022-12-22T07:51:38.170000Z,2829817,0.173
S,2022-12-22T07:51:40.640000Z,2830064,0.113
S,2022-12-22T07:52:00.880000Z,2832088,0.121
S,2022-12-22T07:52:33.460000Z,2835346,0.237
S,2022-12-22T07:53:11.240000Z,2839124,0.239
S,2022-12-22T07:53:38.430000Z,2841843,0.115
S,2022-12-22T07:54:23.730000Z,2846373,0.203
S,2022-12-22T07:54:42.110000Z,2848211,0.129
S,2022-12-22T07:55:10.520000Z,2851052,0.692
S,2022-12-22T07:55:11.720000Z,2851172,0.297
S,2022-12-22T07:57:10.920000Z,2863092,0.304
S,2022-12-22T07:58:14.180000Z,2869418,0.215
S,2022-12-22T07:58:49.990000Z,2872999,0.432
S,2022-12-22T08:05:45.530000Z,2914553,0.575
S,2022-12-22T08:07:31.190000Z,2925119,0.660
S,2022-12-22T08:08:35.770000Z,2931577,0.101
S,2022-12-22T08:08:37.460000Z,2931746,0.319
S,2022-12-22T08:08:56.420000Z,2933642,0.139
S,2022-12-22T08:09:09.770000Z,2934977,0.385
S,2022-12-22T08:09:14.080000Z,2935408,0.277
S,2022-12-22T08:12:26.300000Z,2954630,0.112
S,2022-12-22T08:15:28.060000Z,2972806,0.600
S,2022-12-22T08:17:32.430000Z,2985243,0.162
S,2022-12-22T08:19:58.560000Z,2999856,0.137
S,2022-12-22T08:20:40.010000Z,3004001,0.252
S,2022-12-22T08:21:28.480000Z,3008848,0.245
S,2022-12-22T08:26:17.320000Z,3037732,0.205
S,2022-12-22T08:27:35.520000Z,3045552,0.330
S,2022-12-22T08:29:04.760000Z,3054476,0.145
S,2022-12-22T08:29:42.010000Z,3058201,0.305
S,2022-12-22T08:32:20.460000Z,3074046,0.290
S,2022-12-22T08:33:20.240000Z,3080024,0.104
S,2022-12-22T08:33:28.750000Z,3080875,0.134
S,2022-12-22T08:33:32.240000Z,3081224,0.324
S,2022-12-22T08:33:43.640000Z,3082364,0.137
S,2022-12-22T08:33:44.650000Z,3082465,0.128
S,2022-12-22T08:33:49.940000Z,3082994,0.117
S,2022-12-22T08:34:45.630000Z,3088563,0.351
S,2022-12-22T08:34:55.350000Z,3089535,0.524
S,2022-12-22T08:35:02.540000Z,3090254,0.377
S,2022-12-22T08:47:35.700000Z,3165570,0.160
S,2022-12-22T08:47:37.920000Z,3165792,0.139
S,2022-12-22T08:47:41.790000Z,3166179,0.189
S,2022-12-22T08:47:43.100000Z,3166310,0.319
S,2022-12-22T08:47:46.480000Z,3166648,0.276
S,2022-12-22T08:48:14.870000Z,3169487,0.123
S,2022-12-22T09:03:43.610000Z,3262361,0.230
S,2022-12-22T09:28:41.370000Z,3412137,0.129
S,2022-12-22T09:30:57.530000Z,3425753,0.261
S,2022-12-22T09:31:29.670000Z,3428967,0.108
S,2022-12-22T09:31:56.640000Z,3431664,0.394
S,2022-12-22T09:32:01.170000Z,3432117,0.310
S,2022-12-22T09:32:02.930000Z,3432293,0.466
S,2022-12-22T09:32:08.410000Z,3432841,0.320
S,2022-12-22T09:33:07.300000Z,3438730,0.164
S,2022-12-22T09:33:16.190000Z,3439619,0.137
S,2022-12-22T09:34:03.450000Z,3444345,0.256
S,2022-12-22T09:34:33.670000Z,3447367,0.420
S,2022-12-22T09:35:04.180000Z,3450418,0.308
S,2022-12-22T09:35:47.450000Z,3454745,0.231
S,2022-12-22T09:36:17.540000Z,3457754,0.384
S,2022-12-22T09:36:19.820000Z,3457982,0.523
S,2022-12-22T09:36:34.010000Z,3459401,0.202
S,2022-12-22T09:36:38.180000Z,3459818,0.254
S,2022-12-22T09:36:49.980000Z,3460998,0.717
S,2022-12-22T09:36:53.390000Z,3461339,0.407
S,2022-12-22T09:37:20.520000Z,3464052,0.388
S,2022-12-22T09:38:24.220000Z,3470422,0.405
S,2022-12-22T09:38:40.460000Z,3472046,0.210
S,2022-12-22T09:38:51.520000Z,3473152,0.209
S,2022-12-22T09:40:03.100000Z,3480310,0.645
S,2022-12-22T09:40:06.280000Z,3480628,0.787
S,2022-12-22T09:40:26.130000Z,3482613,0.212
S,2022-12-22T09:40:27.740000Z,3482774,0.454
S,2022-12-22T09:40:42.110000Z,3484211,0.535
S,2022-12-22T09:40:57.550000Z,3485755,0.527
S,2022-12-22T09:41:19.560000Z,3487956,0.199
S,2022-12-22T09:42:03.330000Z,3492333,0.262
S,2022-12-22T09:42:32.510000Z,3495251,0.835
S,2022-12-22T09:42:46.330000Z,3496633,0.478
S,2022-12-22T09:43:07.790000Z,3498779,0.583
S,2022-12-22T09:43:37.580000Z,3501758,0.278
S,2022-12-22T09:44:14.650000Z,3505465,0.717
S,2022-12-22T09:45:15.260000Z,3511526,0.302
S,2022-12-22T09:46:09.140000Z,3516914,0.429
S,2022-12-22T09:47:08.010000Z,3522801,0.212
S,2022-12-22T09:47:48.680000Z,3526868,0.448
S,2022-12-22T09:49:58.500000Z,3539850,0.481
S,2022-12-22T09:51:45.200000Z,3550520,0.727
S,2022-12-22T09:52:32.080000Z,3555208,0.556
S,2022-12-22T09:54:05.880000Z,3564588,0.167
S,2022-12-22T09:54:11.450000Z,3565145,0.174
S,2022-12-22T09:54:57.760000Z,3569776,0.111
S,2022-12-22T09:55:00.350000Z,3570035,0.493
S,2022-12-22T09:55:16.540000Z,3571654,0.568
S,2022-12-22T09:55:29.690000Z,3572969,0.595
S,2022-12-22T09:56:12.750000Z,3577275,0.173
S,2022-12-22T09:56:32.730000Z,3579273,0.240
S,2022-12-22T09:57:10.800000Z,3583080,0.825
S,2022-12-22T09:57:21.530000Z,3584153,0.338
S,2022-12-22T09:58:27.480000Z,3590748,0.137
S,2022-12-22T09:58:28.580000Z,3590858,0.155
S,2022-12-22T09:58:41.970000Z,3592197,0.237
S,2022-12-22T10:00:20.990000Z,3602099,0.155
S,2022-12-22T10:00:39.660000Z,3603966,0.795
S,2022-12-22T10:00:43.430000Z,3604343,0.476
S,2022-12-22T10:01:18.250000Z,3607825,0.449
S,2022-12-22T10:01:43.470000Z,3610347,0.673
S,2022-12-22T10:02:13.470000Z,3613347,0.116
S,2022-12-22T10:02:47.110000Z,3616711,0.137
S,2022-12-22T10:02:51.200000Z,3617120,0.210
S,2022-12-22T10:03:00.620000Z,3618062,0.145
S,2022-12-22T10:03:44.300000Z,3622430,0.256
S,2022-12-22T10:04:20.360000Z,3626036,0.201
S,2022-12-22T10:11:09.550000Z,3666955,0.123
S,2022-12-22T10:13:56.840000Z,3683684,0.133
S,2022-12-22T10:14:42.240000Z,3688224,0.172
S,2022-12-22T10:17:40.930000Z,3706093,0.540
S,2022-12-22T10:21:29.100000Z,3728910,0.389
S,2022-12-22T10:22:06.650000Z,3732665,0.196
S,2022-12-22T10:25:05.280000Z,3750528,0.616
S,2022-12-22T10:28:22.060000Z,3770206,0.156
S,2022-12-22T10:32:20.900000Z,3794090,0.292
S,2022-12-22T10:33:59.820000Z,3803982,0.620
S,2022-12-22T10:36:28.010000Z,3818801,0.669
S,2022-12-22T10:36:52.400000Z,3821240,0.869
S,2022-12-22T10:36:57.060000Z,3821706,0.378
S,2022-12-22T10:37:58.180000Z,3827818,0.136
S,2022-12-22T10:39:32.250000Z,3837225,0.849
S,2022-12-22T10:39:41.470000Z,3838147,0.583
S,2022-12-22T10:44:11.240000Z,3865124,0.789
S,2022-12-22T10:44:21.490000Z,3866149,0.373
S,2022-12-22T10:50:59.320000Z,3905932,0.197
S,2022-12-22T10:51:38.760000Z,3909876,0.202
S,2022-12-22T10:51:40.650000Z,3910065,0.119
S,2022-12-22T10:53:35.120000Z,3921512,0.107
S,2022-12-22T10:54:07.690000Z,3924769,0.215
S,2022-12-22T10:56:53.910000Z,3941391,0.162
S,2022-12-22T10:59:04.600000Z,3954460,0.466
S,2022-12-22T11:05:57.380000Z,3995738,0.305
S,2022-12-22T11:08:06.940000Z,4008694,0.119
S,2022-12-22T11:15:32.600000Z,4053260,0.213
S,2022-12-22T11:21:23.070000Z,4088307,0.121
S,2022-12-22T11:23:14.360000Z,4099436,0.234
S,2022-12-22T11:39:01.030000Z,4194103,0.255
S,2022-12-22T11:43:14.060000Z,4219406,0.146
S,2022-12-22T11:46:14.110000Z,4237411,0.174
S,2022-12-22T11:47:51.120000Z,4247112,0.116
S,2022-12-22T11:50:15.810000Z,4261581,0.107
S,2022-12-22T11:50:30.670000Z,4263067,0.444
S,2022-12-22T11:50:44.690000Z,4264469,0.250
S,2022-12-22T11:53:55.570000Z,4283557,0.671
S,2022-12-22T11:56:19.500000Z,4297950,0.130
S,2022-12-22T12:00:29.500000Z,4322950,0.368
S,2022-12-22T12:03:58.930000Z,4343893,0.253
S,2022-12-22T12:07:14.460000Z,4363446,0.129
S,2022-12-22T12:08:07.490000Z,4368749,0.396
S,2022-12-22T12:09:34.080000Z,4377408,0.112
S,2022-12-22T12:12:12.850000Z,4393285,0.116
S,2022-12-22T12:14:47.340000Z,4408734,0.100
S,2022-12-22T12:14:56.030000Z,4409603,0.103
S,2022-12-22T12:25:06.150000Z,4470615,0.174
S,2022-12-22T12:27:35.110000Z,4485511,0.454
S,2022-12-22T12:28:09.730000Z,4488973,0.273
S,2022-12-22T12:30:24.290000Z,4502429,0.138
S,2022-12-22T12:31:12.460000Z,4507246,0.887
S,2022-12-22T12:31:21.050000Z,4508105,0.806
S,2022-12-22T12:32:49.370000Z,4516937,0.394
S,2022-12-22T12:33:15.050000Z,4519505,0.287
S,2022-12-22T12:33:16.560000Z,4519656,0.266
S,2022-12-22T12:33:59.900000Z,4523990,0.172
S,2022-12-22T12:34:20.050000Z,4526005,0.582
S,2022-12-22T12:34:42.900000Z,4528290,0.384
S,2022-12-22T12:35:48.960000Z,4534896,0.140
S,2022-12-22T12:39:07.880000Z,4554788,0.197
S,2022-12-22T12:39:20.310000Z,4556031,0.229
S,2022-12-22T12:39:33.650000Z,4557365,0.141
S,2022-12-22T12:43:13.030000Z,4579303,0.127
S,2022-12-22T12:43:19.590000Z,4579959,0.608
S,2022-12-22T12:43:24.670000Z,4580467,0.467
S,2022-12-22T12:44:14.860000Z,4585486,0.518
S,2022-12-22T12:44:52.650000Z,4589265,0.175
S,2022-12-22T12:46:05.690000Z,4596569,0.209
S,2022-12-22T12:47:14.930000Z,4603493,0.163
S,2022-12-22T12:49:38.510000Z,4617851,0.640
S,2022-12-22T12:52:59.830000Z,4637983,0.144
S,2022-12-22T12:54:15.900000Z,4645590,0.226
S,2022-12-22T12:55:52.640000Z,4655264,0.705
S,2022-12-22T12:57:59.480000Z,4667948,0.243
S,2022-12-22T13:00:59.830000Z,4685983,0.610
S,2022-12-22T13:02:08.890000Z,4692889,0.309
S,2022-12-22T13:02:10.790000Z,4693079,0.177
S,2022-12-22T13:02:26.370000Z,4694637,0.154
S,2022-12-22T13:03:42.300000Z,4702230,0.207
S,2022-12-22T13:03:53.520000Z,4703352,0.114
S,2022-12-22T13:03:55.760000Z,4703576,0.132
S,2022-12-22T13:04:14.490000Z,4705449,0.285
S,2022-12-22T13:08:15.650000Z,4729565,0.305
S,2022-12-22T13:08:17.860000Z,4729786,0.388
S,2022-12-22T13:08:40.730000Z,4732073,0.787
S,2022-12-22T13:09:00.880000Z,4734088,0.335
S,2022-12-22T13:16:08.570000Z,4776857,0.103
S,2022-12-22T13:19:12.370000Z,4795237,0.206
S,2022-12-22T13:20:38.250000Z,4803825,0.746
S,2022-12-22T13:23:25.370000Z,4820537,0.859
S,2022-12-22T13:24:23.300000Z,4826330,0.463
S,2022-12-22T13:32:04.940000Z,4872494,0.115
S,2022-12-22T13:38:09.410000Z,4908941,0.287
S,2022-12-22T13:47:15.430000Z,4963543,0.249
S,2022-12-22T13:51:42.060000Z,4990206,0.857
S,2022-12-22T14:07:59.090000Z,5087909,0.155
S,2022-12-22T14:08:42.810000Z,5092281,0.478
S,2022-12-22T14:18:39.680000Z,5151968,0.117
S,2022-12-22T14:22:46.130000Z,5176613,0.100
S,2022-12-22T14:24:58.070000Z,5189807,0.252
S,2022-12-22T14:41:03.960000Z,5286396,0.762
S,2022-12-22T14:45:46.420000Z,5314642,0.658
S,2022-12-22T14:48:24.900000Z,5330490,0.337
S,2022-12-22T14:51:49.630000Z,5350963,0.289
S,2022-12-22T14:52:46.980000Z,5356698,0.439
S,2022-12-22T14:52:54.430000Z,5357443,0.105
S,2022-12-22T14:53:03.480000Z,5358348,0.187
S,2022-12-22T14:53:05.910000Z,5358591,0.172
S,2022-12-22T14:53:07.040000Z,5358704,0.150
S,2022-12-22T14:53:24.750000Z,5360475,0.173
S,2022-12-22T14:53:27.920000Z,5360792,0.146
S,2022-12-22T14:53:38.280000Z,5361828,0.213
S,2022-12-22T14:53:47.860000Z,5362786,0.224
S,2022-12-22T14:53:48.970000Z,5362897,0.165
S,2022-12-22T14:53:56.520000Z,5363652,0.243
S,2022-12-22T14:54:59.390000Z,5369939,0.232
S,2022-12-22T14:55:04.050000Z,5370405,0.202
S,2022-12-22T14:55:10.270000Z,5371027,0.272
S,2022-12-22T14:56:06.560000Z,5376656,0.131
S,2022-12-22T14:56:39.310000Z,5379931,0.468
S,2022-12-22T14:57:03.400000Z,5382340,0.158
S,2022-12-22T14:58:12.980000Z,5389298,0.574
S,2022-12-22T14:58:48.470000Z,5392847,0.193
S,2022-12-22T15:00:18.010000Z,5401801,0.433
S,2022-12-22T15:00:58.150000Z,5405815,0.296
S,2022-12-22T15:01:00.070000Z,5406007,0.134
S,2022-12-22T15:01:07.740000Z,5406774,0.892
S,2022-12-22T15:01:21.870000Z,5408187,0.119
S,2022-12-22T15:01:23.560000Z,5408356,0.239
S,2022-12-22T15:01:29.760000Z,5408976,0.111
S,2022-12-22T15:01:50.810000Z,5411081,0.331
S,2022-12-22T15:01:58.220000Z,5411822,0.205
S,2022-12-22T15:02:02.170000Z,5412217,0.275
S,2022-12-22T15:02:12.090000Z,5413209,0.277
S,2022-12-22T15:02:25.020000Z,5414502,0.270
S,2022-12-22T15:02:28.420000Z,5414842,0.160
S,2022-12-22T15:02:33.300000Z,5415330,0.340
S,2022-12-22T15:02:35.470000Z,5415547,0.485
S,2022-12-22T15:03:04.430000Z,5418443,0.176
S,2022-12-22T15:03:06.270000Z,5418627,0.168
S,2022-12-22T15:03:55.470000Z,5423547,0.336
S,2022-12-22T15:04:33.430000Z,5427343,0.130
S,2022-12-22T15:04:43.460000Z,5428346,0.290
S,2022-12-22T15:05:46.680000Z,5434668,0.111
S,2022-12-22T15:06:01.290000Z,5436129,0.285
S,2022-12-22T15:06:59.420000Z,5441942,0.430
S,2022-12-22T15:07:01.850000Z,5442185,0.108
S,2022-12-22T15:07:59.440000Z,5447944,0.421
S,2022-12-22T15:08:46.570000Z,5452657,0.149
S,2022-12-22T15:09:09.510000Z,5454951,0.144
S,2022-12-22T15:09:39.620000Z,5457962,0.102
S,2022-12-22T15:10:09.460000Z,5460946,0.133
S,2022-12-22T15:11:19.030000Z,5467903,0.885
S,2022-12-22T15:11:23.570000Z,5468357,0.853
S,2022-12-22T15:12:26.410000Z,5474641,0.169
S,2022-12-22T15:12:28.250000Z,5474825,0.138
S,2022-12-22T15:12:51.300000Z,5477130,0.154
S,2022-12-22T15:13:18.250000Z,5479825,0.114
S,2022-12-22T15:16:18.320000Z,5497832,0.201
S,2022-12-22T15:17:42.520000Z,5506252,0.182
S,2022-12-22T15:18:19.890000Z,5509989,0.732
S,2022-12-22T15:19:14.870000Z,5515487,0.295
S,2022-12-22T15:19:28.390000Z,5516839,0.771
S,2022-12-22T15:19:29.920000Z,5516992,0.233
S,2022-12-22T15:19:32.240000Z,5517224,0.156
S,2022-12-22T15:20:07.570000Z,5520757,0.190
S,2022-12-22T15:21:11.450000Z,5527145,0.484
S,2022-12-22T15:21:54.980000Z,5531498,0.649
S,2022-12-22T15:21:57.090000Z,5531709,0.274
S,2022-12-22T15:21:59.060000Z,5531906,0.183
S,2022-12-22T15:22:13.640000Z,5533364,0.111
S,2022-12-22T15:22:15.620000Z,5533562,0.837
S,2022-12-22T15:22:30.860000Z,5535086,0.303
S,2022-12-22T15:22:33.840000Z,5535384,0.580
S,2022-12-22T15:22:35.650000Z,5535565,0.897
S,2022-12-22T15:22:55.840000Z,5537584,0.575
S,2022-12-22T15:22:58.010000Z,5537801,0.175
S,2022-12-22T15:23:18.150000Z,5539815,0.225
S,2022-12-22T15:23:19.890000Z,5539989,0.718
S,2022-12-22T15:23:47.780000Z,5542778,0.108
S,2022-12-22T15:24:41.810000Z,5548181,0.827
S,2022-12-22T15:25:49.400000Z,5554940,0.893
S,2022-12-22T15:25:51.550000Z,5555155,0.475
S,2022-12-22T15:27:11.050000Z,5563105,0.475
S,2022-12-22T15:29:11.540000Z,5575154,0.167
S,2022-12-22T15:31:21.920000Z,5588192,0.475
S,2022-12-22T15:32:14.770000Z,5593477,0.142
S,2022-12-22T15:33:24.640000Z,5600464,0.498
S,2022-12-22T15:35:50.400000Z,5615040,0.122
S,2022-12-22T15:37:47.070000Z,5626707,0.136
S,2022-12-22T15:41:14.920000Z,5647492,0.595
S,2022-12-22T15:47:04.920000Z,5682492,0.146
S,2022-12-22T15:47:08.720000Z,5682872,0.103
S,2022-12-22T15:48:27.450000Z,5690745,0.138
S,2022-12-22T15:52:08.130000Z,5712813,0.241
S,2022-12-22T15:52:57.950000Z,5717795,0.261
S,2022-12-22T15:55:18.970000Z,5731897,0.170
S,2022-12-22T15:55:40.580000Z,5734058,0.324
S,2022-12-22T16:02:41.030000Z,5776103,0.199
S,2022-12-22T16:03:21.760000Z,5780176,0.262
S,2022-12-22T16:04:28.260000Z,5786826,0.102
S,2022-12-22T16:06:56.430000Z,5801643,0.365
S,2022-12-22T16:08:04.180000Z,5808418,0.164
S,2022-12-22T16:09:19.250000Z,5815925,0.242
S,2022-12-22T16:12:05.260000Z,5832526,0.129
S,2022-12-22T16:15:04.810000Z,5850481,0.147
S,2022-12-22T16:26:20.320000Z,5918032,0.110
S,2022-12-22T16:27:53.810000Z,5927381,0.101
S,2022-12-22T16:28:02.650000Z,5928265,0.121
S,2022-12-22T16:35:23.160000Z,5972316,0.623
S,2022-12-22T16:36:57.790000Z,5981779,0.252
S,2022-12-22T16:37:15.860000Z,5983586,0.120
S,2022-12-22T16:45:55.530000Z,6035553,0.413
S,2022-12-22T16:55:29.730000Z,6092973,0.377
S,2022-12-22T17:16:29.950000Z,6218995,0.228
S,2022-12-22T17:23:06.030000Z,6258603,0.144
S,2022-12-22T17:26:12.940000Z,6277294,0.154
S,2022-12-22T17:33:46.190000Z,6322619,0.606
S,2022-12-22T17:35:15.210000Z,6331521,0.282
S,2022-12-22T17:35:32.720000Z,6333272,0.152
S,2022-12-22T17:53:11.620000Z,6439162,0.715
S,2022-12-22T18:05:49.390000Z,6514939,0.143
S,2022-12-22T18:17:05.630000Z,6582563,0.394
S,2022-12-22T18:21:40.520000Z,6610052,0.184
S,2022-12-22T18:21:52.930000Z,6611293,0.100
S,2022-12-22T18:28:22.580000Z,6650258,0.120
S,2022-12-22T18:28:43.330000Z,6652333,0.216
S,2022-12-22T18:33:08.580000Z,6678858,0.119
S,2022-12-22T18:34:21.030000Z,6686103,0.471
S,2022-12-22T18:36:23.480000Z,6698348,0.477
S,2022-12-22T18:52:42.700000Z,6796270,0.130
S,2022-12-22T18:53:26.350000Z,6800635,0.605
S,2022-12-22T18:56:12.290000Z,6817229,0.248
S,2022-12-22T19:02:51.650000Z,6857165,0.602
S,2022-12-22T19:05:18.720000Z,6871872,0.823
S,2022-12-22T19:06:11.510000Z,6877151,0.104
S,2022-12-22T19:08:21.690000Z,6890169,0.259
S,2022-12-22T19:08:22.880000Z,6890288,0.170
S,2022-12-22T19:08:34.540000Z,6891454,0.142
S,2022-12-22T19:11:23.010000Z,6908301,0.136
S,2022-12-22T19:16:26.640000Z,6938664,0.149
S,2022-12-22T19:17:34.130000Z,6945413,0.191
S,2022-12-22T19:18:08.630000Z,6948863,0.183
S,2022-12-22T19:25:28.600000Z,6992860,0.137
S,2022-12-22T19:30:45.490000Z,7024549,0.169
S,2022-12-22T19:31:53.430000Z,7031343,0.210
S,2022-12-22T19:38:59.290000Z,7073929,0.176
S,2022-12-22T19:39:37.600000Z,7077760,0.156
S,2022-12-22T19:42:14.810000Z,7093481,0.353
S,2022-12-22T19:42:22.520000Z,7094252,0.121
S,2022-12-22T19:43:57.520000Z,7103752,0.127
S,2022-12-22T19:44:46.650000Z,7108665,0.146
S,2022-12-22T19:45:55.840000Z,7115584,0.276
S,2022-12-22T19:47:55.710000Z,7127571,0.111
S,2022-12-22T19:48:24.550000Z,7130455,0.117
S,2022-12-22T19:53:03.620000Z,7158362,0.143
S,2022-12-22T19:55:07.920000Z,7170792,0.107
S,2022-12-22T19:55:43.850000Z,7174385,0.137
S,2022-12-22T20:01:56.010000Z,7211601,0.106
S,2022-12-22T20:03:49.520000Z,7222952,0.385
S,2022-12-22T20:11:14.670000Z,7267467,0.396
S,2022-12-22T20:16:00.230000Z,7296023,0.108
S,2022-12-22T20:16:35.620000Z,7299562,0.212
S,2022-12-22T20:17:46.790000Z,7306679,0.407
S,2022-12-22T20:21:58.080000Z,7331808,0.108
S,2022-12-22T20:26:27.250000Z,7358725,0.286
S,2022-12-22T20:29:00.180000Z,7374018,0.164
S,2022-12-22T20:35:10.620000Z,7411062,0.205
S,2022-12-22T20:35:45.760000Z,7414576,0.107
S,2022-12-22T20:54:39.360000Z,7527936,0.273
S,2022-12-22T20:57:23.220000Z,7544322,0.137
S,2022-12-22T21:00:30.560000Z,7563056,0.512
S,2022-12-22T21:02:39.730000Z,7575973,0.171
S,2022-12-22T21:04:50.460000Z,7589046,0.135
S,2022-12-22T21:06:02.960000Z,7596296,0.718
S,2022-12-22T21:09:25.180000Z,7616518,0.385
S,2022-12-22T21:09:33.580000Z,7617358,0.529
S,2022-12-22T21:09:40.610000Z,7618061,0.386
S,2022-12-22T21:14:39.890000Z,7647989,0.122
S,2022-12-22T21:14:42.610000Z,7648261,0.126
S,2022-12-22T21:20:19.920000Z,7681992,0.150
S,2022-12-22T21:20:33.450000Z,7683345,0.390
S,2022-12-22T21:20:34.460000Z,7683446,0.306
S,2022-12-22T21:20:40.540000Z,7684054,0.171
S,2022-12-22T21:24:03.490000Z,7704349,0.106
S,2022-12-22T21:32:51.380000Z,7757138,0.212
S,2022-12-22T21:33:50.830000Z,7763083,0.144
S,2022-12-22T21:34:09.850000Z,7764985,0.122
S,2022-12-22T21:37:03.960000Z,7782396,0.111
S,2022-12-22T21:46:17.130000Z,7837713,0.204
S,2022-12-22T22:02:49.880000Z,7936988,0.152
S,2022-12-22T22:11:25.180000Z,7988518,0.119
S,2022-12-22T22:11:27.160000Z,7988716,0.146
S,2022-12-22T22:12:48.640000Z,7996864,0.298
S,2022-12-22T22:18:42.440000Z,8032244,0.122
S,2022-12-22T22:19:38.410000Z,8037841,0.113
S,2022-12-22T22:23:12.510000Z,8059251,0.182
S,2022-12-22T22:24:49.100000Z,8068910,0.542
S,2022-12-22T22:26:26.910000Z,8078691,0.290
S,2022-12-22T22:31:02.220000Z,8106222,0.102
S,2022-12-22T22:33:16.200000Z,8119620,0.169
S,2022-12-22T22:36:57.780000Z,8141778,0.874
S,2022-12-22T22:38:33.460000Z,8151346,0.110
S,2022-12-22T22:39:15.880000Z,8155588,0.115
S,2022-12-22T22:39:48.680000Z,8158868,0.116
S,2022-12-22T22:40:03.580000Z,8160358,0.423
S,2022-12-22T22:41:04.150000Z,8166415,0.122
S,2022-12-22T22:41:40.870000Z,8170087,0.648
S,2022-12-22T22:41:46.110000Z,8170611,0.116
S,2022-12-22T22:42:14.490000Z,8173449,0.299
S,2022-12-22T22:42:57.690000Z,8177769,0.435
S,2022-12-22T22:44:32.090000Z,8187209,0.115
S,2022-12-22T22:48:33.600000Z,8211360,0.212
S,2022-12-22T22:52:57.310000Z,8237731,0.138
S,2022-12-22T22:53:40.480000Z,8242048,0.120
S,2022-12-22T22:54:52.610000Z,8249261,0.235
S,2022-12-22T22:57:41.240000Z,8266124,0.278
S,2022-12-22T22:58:37.810000Z,8271781,0.106
S,2022-12-22T22:59:53.040000Z,8279304,0.252
S,2022-12-22T23:00:25.330000Z,8282533,0.287
S,2022-12-22T23:00:38.360000Z,8283836,0.273
S,2022-12-22T23:01:48.840000Z,8290884,0.236
S,2022-12-22T23:02:57.640000Z,8297764,0.188
S,2022-12-22T23:03:00.150000Z,8298015,0.261
S,2022-12-22T23:03:48.410000Z,8302841,0.397
S,2022-12-22T23:10:35.800000Z,8343580,0.183
S,2022-12-22T23:10:44.870000Z,8344487,0.201
S,2022-12-22T23:16:14.400000Z,8377440,0.151
S,2022-12-22T23:16:24.480000Z,8378448,0.223
S,2022-12-22T23:16:26.560000Z,8378656,0.165
S,2022-12-22T23:18:02.120000Z,8388212,0.269
S,2022-12-22T23:21:10.980000Z,8407098,0.172
S,2022-12-22T23:23:58.530000Z,8423853,0.377
S,2022-12-22T23:29:19.750000Z,8455975,0.303
S,2022-12-22T23:30:34.230000Z,8463423,0.186
S,2022-12-22T23:33:29.070000Z,8480907,0.142
S,2022-12-22T23:41:33.540000Z,8529354,0.158
S,2022-12-22T23:43:40.790000Z,8542079,0.752
S,2022-12-22T23:52:04.980000Z,8592498,0.556
S,2022-12-22T23:57:58.670000Z,8627867,0.101
